id,nid,cate,num,cate1,sx,wx,js,os,ds,xs,jz,fc
1,182,虎,41,火,3,3,1,0,1,0,16.2,4.0
2,183,羊,24,木,8,2,0,1,0,1,21.3,10.0
3,184,马,1,水,7,1,1,0,0,1,23.0,9.3
4,185,羊,36,土,8,4,0,1,1,0,20.2,13.0
5,186,猴,23,水,9,1,1,0,0,1,23.7,14.1
6,187,马,1,水,7,1,1,0,0,1,24.0,14.1
7,188,兔,16,木,4,2,0,1,0,1,21.0,17.0
8,189,龙,15,水,5,1,1,0,0,1,16.8,13.8
9,190,兔,16,木,4,2,0,1,0,1,15.3,13.4
10,191,虎,29,土,3,4,1,0,1,0,17.8,11.4
11,192,马,25,木,7,2,1,0,0,1,16.7,9.4
12,193,狗,9,木,11,2,1,0,0,1,17.0,9.7
13,194,蛇,26,金,6,5,0,1,1,0,18.3,7.3
14,195,马,25,木,7,2,1,0,0,1,20.0,7.8
15,196,龙,39,木,5,2,1,0,1,0,21.7,7.6
16,197,猪,8,木,12,2,0,1,0,1,25.5,9.7
17,198,鼠,7,土,1,4,1,0,0,1,22.0,11.7
18,199,羊,36,土,8,4,0,1,1,0,19.0,13.0
19,200,龙,39,木,5,2,1,0,1,0,23.5,13.5
20,201,猪,32,火,12,3,0,1,1,0,25.7,15.0
21,202,兔,40,火,4,3,0,1,1,0,26.8,15.2
22,203,马,25,木,7,2,1,0,0,1,27.0,15.4
23,204,虎,5,金,3,5,1,0,0,1,29.8,12.4
24,205,龙,3,火,5,3,1,0,0,1,29.5,13.2
25,206,猴,47,木,9,2,1,0,1,0,24.0,16.4
26,207,鼠,31,水,1,1,1,0,1,0,25.3,18.1
27,208,鼠,19,火,1,3,1,0,0,1,25.2,18.0
28,209,猪,8,木,12,2,0,1,0,1,21.7,16.6
29,210,马,49,火,7,3,1,0,1,0,18.8,17.3
30,211,马,1,水,7,1,1,0,0,1,26.2,19.5
31,212,牛,6,土,2,4,0,1,0,1,25.8,20.0
32,213,猴,35,金,9,5,1,0,1,0,19.0,18.2
33,214,兔,4,金,4,5,0,1,0,1,19.7,18.8
34,215,蛇,14,水,6,1,0,1,0,1,17.2,19.9
35,216,马,37,土,7,4,1,0,1,0,18.2,19.5
36,217,蛇,26,金,6,5,0,1,1,0,16.2,16.0
37,218,虎,17,木,3,2,1,0,0,1,20.3,14.4
38,219,鼠,43,金,1,5,1,0,1,0,22.2,12.8
39,220,羊,48,火,8,3,0,1,1,0,23.5,14.7
40,221,马,1,水,7,1,1,0,0,1,30.8,14.0
41,222,蛇,26,金,6,5,0,1,1,0,28.7,17.6
42,223,猴,23,水,9,1,1,0,0,1,26.8,17.2
43,224,狗,9,木,11,2,1,0,0,1,26.3,17.2
44,225,马,1,水,7,1,1,0,0,1,25.0,18.4
45,226,虎,17,木,3,2,1,0,0,1,18.0,18.2
46,227,兔,16,木,4,2,0,1,0,1,12.8,10.9
47,228,猴,23,水,9,1,1,0,0,1,15.3,9.2
48,229,蛇,38,木,6,2,0,1,1,0,14.8,8.5
49,230,兔,16,木,4,2,0,1,0,1,17.3,12.6
50,231,猪,20,土,12,4,0,1,0,1,18.5,12.0
51,232,牛,42,金,2,5,0,1,1,0,21.7,8.5
52,233,鼠,7,土,1,4,1,0,0,1,25.8,11.4
53,234,龙,39,木,5,2,1,0,1,0,24.3,13.3
54,235,猪,32,火,12,3,0,1,1,0,27.0,14.6
55,236,猴,11,火,9,3,1,0,0,1,26.0,13.8
56,237,羊,12,金,8,5,0,1,0,1,25.2,14.7
57,238,虎,17,木,3,2,1,0,0,1,23.8,15.6
58,239,虎,5,金,3,5,1,0,0,1,19.7,12.9
59,240,龙,27,金,5,5,1,0,1,0,19.3,13.3
60,241,马,49,火,7,3,1,0,1,0,17.3,10.3
61,242,狗,9,木,11,2,1,0,0,1,20.2,15.9
62,243,狗,21,土,11,4,1,0,0,1,19.8,16.2
63,244,鸡,46,木,10,2,0,1,1,0,21.3,15.7
64,245,牛,18,火,2,3,0,1,0,1,26.2,18.4
65,246,牛,30,水,2,1,0,1,1,0,28.3,16.0
66,247,兔,40,火,4,3,0,1,1,0,28.8,16.0
67,248,猪,20,土,12,4,0,1,0,1,27.3,14.0
68,249,猴,23,水,9,1,1,0,0,1,29.2,11.6
69,250,蛇,14,水,6,1,0,1,0,1,29.5,11.4
70,251,牛,30,水,2,1,0,1,1,0,24.2,9.4
71,252,鸡,22,水,10,1,0,1,0,1,26.2,9.1
72,253,兔,16,木,4,2,0,1,0,1,24.8,9.0
73,254,蛇,2,火,6,3,0,1,0,1,20.8,5.7
74,255,猪,44,水,12,1,0,1,1,0,17.8,9.6
75,256,马,1,水,7,1,1,0,0,1,21.3,14.5
76,257,鼠,7,土,1,4,1,0,0,1,19.2,16.6
77,258,鸡,46,木,10,2,0,1,1,0,15.3,16.2
78,259,鸡,22,水,10,1,0,1,0,1,19.3,20.6
79,260,猪,20,土,12,4,0,1,0,1,20.3,20.5
80,261,羊,24,木,8,2,0,1,0,1,23.3,18.5
81,262,牛,30,水,2,1,0,1,1,0,20.0,15.7
82,263,狗,9,木,11,2,1,0,0,1,24.8,12.8
83,264,狗,21,土,11,4,1,0,0,1,25.2,12.3
84,265,马,49,火,7,3,1,0,1,0,21.0,6.9
85,266,猪,8,木,12,2,0,1,0,1,25.5,13.4
86,267,兔,40,火,4,3,0,1,1,0,23.5,15.2
87,268,兔,40,火,4,3,0,1,1,0,26.2,16.6
88,269,鸡,22,水,10,1,0,1,0,1,27.8,17.5
89,270,鼠,19,火,1,3,1,0,0,1,30.0,15.4
90,271,猴,35,金,9,5,1,0,1,0,29.7,15.7
91,272,蛇,2,火,6,3,0,1,0,1,27.3,13.0
92,273,虎,5,金,3,5,1,0,0,1,26.3,14.9
93,274,狗,33,火,11,3,1,0,1,0,20.5,15.3
94,275,虎,17,木,3,2,1,0,0,1,19.3,13.8
95,276,蛇,14,水,6,1,0,1,0,1,18.5,13.7
96,277,猴,11,火,9,3,1,0,0,1,17.7,13.8
97,278,蛇,2,火,6,3,0,1,0,1,13.7,11.0
98,279,鸡,10,火,10,3,0,1,0,1,13.7,11.0
99,280,龙,15,水,5,1,1,0,0,1,14.5,10.4
100,281,鸡,10,火,10,3,0,1,0,1,11.5,5.3
