id,nid,cate,num,cate1,sx,wx,jo,dx,rgb,ts,ws
1,124,龙,39,木,5,2,1,1,2,3,9
2,125,鼠,31,水,1,1,1,1,3,3,1
3,126,马,49,火,7,3,1,1,2,4,9
4,127,狗,45,水,11,1,1,1,1,4,5
5,128,马,37,土,7,4,1,1,3,3,7
6,129,虎,41,火,3,3,1,1,3,4,1
7,130,虎,29,土,3,4,1,1,1,2,9
8,131,鼠,7,土,1,4,1,0,1,0,7
9,132,牛,30,水,2,1,2,1,1,3,0
10,133,鼠,7,土,1,4,1,0,1,0,7
11,134,马,37,土,7,4,1,1,3,3,7
12,135,牛,30,水,2,1,2,1,1,3,0
13,136,羊,48,火,8,3,2,1,3,4,8
14,137,蛇,26,金,6,5,2,1,3,2,6
15,138,马,49,火,7,3,1,1,2,4,9
16,139,羊,24,木,8,2,2,0,1,2,4
17,140,兔,16,木,4,2,2,0,2,1,6
18,141,狗,33,火,11,3,1,1,2,3,3
19,142,猴,23,水,9,1,1,0,1,2,3
20,143,猪,44,水,12,1,2,1,2,4,4
21,144,鼠,43,金,1,5,1,1,2,4,3
22,145,虎,5,金,3,5,1,0,2,0,5
23,146,牛,42,金,2,5,2,1,3,4,2
24,147,马,13,金,7,5,1,0,1,1,3
25,148,羊,48,火,8,3,2,1,3,4,8
26,149,龙,27,金,5,5,1,1,2,2,7
27,150,狗,9,木,11,2,1,0,3,0,9
28,151,鼠,31,水,1,1,1,1,3,3,1
29,152,狗,45,水,11,1,1,1,1,4,5
30,153,虎,41,火,3,3,1,1,3,4,1
31,154,虎,41,火,3,3,1,1,3,4,1
32,155,鼠,7,土,1,4,1,0,1,0,7
33,156,马,1,水,7,1,1,0,1,0,1
34,157,兔,40,火,4,3,2,1,1,4,0
35,158,兔,16,木,4,2,2,0,2,1,6
36,159,龙,39,木,5,2,1,1,2,3,9
37,160,蛇,2,火,6,3,2,0,1,0,2
38,161,猪,8,木,12,2,2,0,1,0,8
39,162,猪,32,火,12,3,2,1,2,3,2
40,163,马,37,土,7,4,1,1,3,3,7
41,164,狗,21,土,11,4,1,0,2,2,1
42,165,龙,3,火,5,3,1,0,3,0,3
43,166,牛,6,土,2,4,2,0,2,0,6
44,167,鼠,19,火,1,3,1,0,1,1,9
45,168,龙,15,水,5,1,1,0,3,1,5
46,169,羊,24,木,8,2,2,0,1,2,4
47,170,龙,3,火,5,3,1,0,3,0,3
48,171,兔,28,土,4,4,2,1,2,2,8
49,172,猪,44,水,12,1,2,1,2,4,4
50,173,蛇,26,金,6,5,2,1,3,2,6
51,174,虎,41,火,3,3,1,1,3,4,1
52,175,蛇,26,金,6,5,2,1,3,2,6
53,176,鸡,10,火,10,3,2,0,3,1,0
54,177,蛇,14,水,6,1,2,0,3,1,4
55,178,牛,18,火,2,3,2,0,1,1,8
56,179,龙,15,水,5,1,1,0,3,1,5
57,180,狗,21,土,11,4,1,0,2,2,1
58,181,鼠,19,火,1,3,1,0,1,1,9
59,182,虎,41,火,3,3,1,1,3,4,1
60,183,羊,24,木,8,2,2,0,1,2,4
61,184,马,1,水,7,1,1,0,1,0,1
62,185,羊,36,土,8,4,2,1,3,3,6
63,186,猴,23,水,9,1,1,0,1,2,3
64,187,马,1,水,7,1,1,0,1,0,1
65,188,兔,16,木,4,2,2,0,2,1,6
66,189,龙,15,水,5,1,1,0,3,1,5
67,190,兔,16,木,4,2,2,0,2,1,6
68,191,虎,29,土,3,4,1,1,1,2,9
69,192,马,25,木,7,2,1,1,3,2,5
70,193,狗,9,木,11,2,1,0,3,0,9
71,194,蛇,26,金,6,5,2,1,3,2,6
72,195,马,25,木,7,2,1,1,3,2,5
73,196,龙,39,木,5,2,1,1,2,3,9
74,197,猪,8,木,12,2,2,0,1,0,8
75,198,鼠,7,土,1,4,1,0,1,0,7
76,199,羊,36,土,8,4,2,1,3,3,6
77,200,龙,39,木,5,2,1,1,2,3,9
78,201,猪,32,火,12,3,2,1,2,3,2
79,202,兔,40,火,4,3,2,1,1,4,0
80,203,马,25,木,7,2,1,1,3,2,5
81,204,虎,5,金,3,5,1,0,2,0,5
82,205,龙,3,火,5,3,1,0,3,0,3
83,206,猴,47,木,9,2,1,1,3,4,7
84,207,鼠,31,水,1,1,1,1,3,3,1
85,208,鼠,19,火,1,3,1,0,1,1,9
86,209,猪,8,木,12,2,2,0,1,0,8
87,210,马,49,火,7,3,1,1,2,4,9
88,211,马,1,水,7,1,1,0,1,0,1
89,212,牛,6,土,2,4,2,0,2,0,6
90,213,猴,35,金,9,5,1,1,1,3,5
91,214,兔,4,金,4,5,2,0,3,0,4
92,215,蛇,14,水,6,1,2,0,3,1,4
93,216,马,37,土,7,4,1,1,3,3,7
94,217,蛇,26,金,6,5,2,1,3,2,6
95,218,虎,17,木,3,2,1,0,2,1,7
96,219,鼠,43,金,1,5,1,1,2,4,3
97,220,羊,48,火,8,3,2,1,3,4,8
98,221,马,1,水,7,1,1,0,1,0,1
99,222,蛇,26,金,6,5,2,1,3,2,6
100,223,猴,23,水,9,1,1,0,1,2,3
101,224,狗,9,木,11,2,1,0,3,0,9
102,225,马,1,水,7,1,1,0,1,0,1
103,226,虎,17,木,3,2,1,0,2,1,7
104,227,兔,16,木,4,2,2,0,2,1,6
105,228,猴,23,水,9,1,1,0,1,2,3
106,229,蛇,38,木,6,2,2,1,2,3,8
107,230,兔,16,木,4,2,2,0,2,1,6
108,231,猪,20,土,12,4,2,0,3,2,0
109,232,牛,42,金,2,5,2,1,3,4,2
110,233,鼠,7,土,1,4,1,0,1,0,7
111,234,龙,39,木,5,2,1,1,2,3,9
112,235,猪,32,火,12,3,2,1,2,3,2
113,236,猴,11,火,9,3,1,0,2,1,1
114,237,羊,12,金,8,5,2,0,1,1,2
115,238,虎,17,木,3,2,1,0,2,1,7
116,239,虎,5,金,3,5,1,0,2,0,5
117,240,龙,27,金,5,5,1,1,2,2,7
118,241,马,49,火,7,3,1,1,2,4,9
119,242,狗,9,木,11,2,1,0,3,0,9
120,243,狗,21,土,11,4,1,0,2,2,1
121,244,鸡,46,木,10,2,2,1,1,4,6
122,245,牛,18,火,2,3,2,0,1,1,8
123,246,牛,30,水,2,1,2,1,1,3,0
124,247,兔,40,火,4,3,2,1,1,4,0
125,248,猪,20,土,12,4,2,0,3,2,0
126,249,猴,23,水,9,1,1,0,1,2,3
127,250,蛇,14,水,6,1,2,0,3,1,4
128,251,牛,30,水,2,1,2,1,1,3,0
129,252,鸡,22,水,10,1,2,0,2,2,2
130,253,兔,16,木,4,2,2,0,2,1,6
131,254,蛇,2,火,6,3,2,0,1,0,2
132,255,猪,44,水,12,1,2,1,2,4,4
133,256,马,1,水,7,1,1,0,1,0,1
134,257,鼠,7,土,1,4,1,0,1,0,7
135,258,鸡,46,木,10,2,2,1,1,4,6
136,259,鸡,22,水,10,1,2,0,2,2,2
137,260,猪,20,土,12,4,2,0,3,2,0
138,261,羊,24,木,8,2,2,0,1,2,4
139,262,牛,30,水,2,1,2,1,1,3,0
140,263,狗,9,木,11,2,1,0,3,0,9
141,264,狗,21,土,11,4,1,0,2,2,1
142,265,马,49,火,7,3,1,1,2,4,9
143,266,猪,8,木,12,2,2,0,1,0,8
144,267,兔,40,火,4,3,2,1,1,4,0
145,268,兔,40,火,4,3,2,1,1,4,0
146,269,鸡,22,水,10,1,2,0,2,2,2
147,270,鼠,19,火,1,3,1,0,1,1,9
148,271,猴,35,金,9,5,1,1,1,3,5
149,272,蛇,2,火,6,3,2,0,1,0,2
150,273,虎,5,金,3,5,1,0,2,0,5
