id,nid,num,tj_2,t_618,t_618_2,js,os,ds,xs,jxs,ods,t_jxs,t_ods,t_qy1,t_qy2,t_qy3,t_qy4,t_0,t_1,t_2
1,197,"[2, 6, 11]","[1, 2, 4]",17,2,10,7,8,9,7,5,17,17,5,4,8,0,7,3,7
2,198,"[5, 9, 18]","[1, 2, 4]",19,3,8,11,11,8,3,6,17,17,3,5,8,3,8,5,6
3,199,"[4, 14, 17]","[1, 3, 4]",16,2,6,10,7,9,3,4,17,17,4,5,3,4,4,4,8
4,200,"[2, 4, 17]","[1, 3, 4]",18,2,9,9,10,8,5,6,17,17,6,2,5,5,7,4,7
5,201,"[2, 3, 12]","[1, 3, 4]",16,2,8,8,7,9,4,3,17,17,6,3,4,3,5,4,7
6,202,"[1, 4, 7]","[1, 3, 4]",14,1,5,9,5,9,3,3,17,17,4,5,4,1,3,6,5
7,203,"[2, 9, 10]","[1, 2, 4]",13,0,4,9,7,6,2,5,17,17,4,2,4,3,7,2,4
8,204,"[3, 10, 13]","[1, 3, 4]",18,2,8,10,11,7,4,7,17,17,4,3,5,6,7,8,3
9,205,"[4, 5, 9]","[1, 3, 4]",17,2,10,7,6,11,6,2,17,17,5,6,1,5,3,7,7
10,206,"[1, 6, 7]","[1, 3, 4]",18,2,10,8,9,9,6,5,17,17,4,5,5,4,6,6,6
11,207,"[2, 10, 16]","[1, 3, 7]",18,2,9,9,9,9,3,3,17,17,2,7,6,3,7,6,5
12,208,"[8, 11, 12]","[1, 3, 8]",16,2,8,8,5,11,5,2,17,17,7,4,3,2,3,9,4
13,209,"[2, 4, 10]","[2, 3, 4]",18,2,9,9,7,11,4,2,17,17,7,4,4,3,4,5,9
14,210,"[3, 4, 7]","[2, 4, 7]",17,2,7,10,8,9,5,6,17,17,6,3,3,5,9,2,6
15,211,"[4, 5, 8]","[2, 4, 7]",18,2,7,11,6,12,5,4,17,17,8,4,3,3,7,4,7
16,212,"[1, 8, 10]","[1, 4, 5]",16,2,6,10,9,7,2,5,17,17,3,4,6,3,6,5,5
17,213,"[6, 7, 8]","[1, 4, 5]",18,2,8,10,8,10,6,6,17,17,5,5,3,5,9,3,6
18,214,"[2, 7, 12]","[1, 4, 5]",19,3,13,6,7,12,6,0,17,17,8,4,5,2,5,6,8
19,215,"[1, 9, 14]","[1, 3, 5]",18,2,11,7,10,8,5,4,17,17,4,4,6,4,9,4,5
20,216,"[2, 3, 13]","[1, 4, 5]",16,2,8,8,9,7,4,5,17,17,5,2,6,3,7,6,3
21,217,"[7, 8, 10]","[1, 4, 5]",15,1,5,10,4,11,4,3,17,17,5,6,2,2,5,4,6
22,218,"[3, 5, 7]","[1, 3, 5]",16,2,10,6,8,8,6,4,17,17,4,4,3,5,4,3,9
23,219,"[2, 3, 5]","[1, 3, 5]",16,2,10,6,8,8,5,3,17,17,5,3,4,4,6,3,7
24,220,"[5, 6, 10]","[1, 3, 5]",15,1,11,4,3,12,8,0,17,17,8,4,3,0,5,3,7
25,221,"[1, 2, 3]","[1, 3, 5]",18,2,10,8,7,11,6,3,17,17,8,3,3,4,7,6,5
26,222,"[2, 5, 7]","[1, 3, 5]",17,2,12,5,4,13,8,0,17,17,8,5,3,1,6,5,6
27,223,"[3, 19, 22]","[1, 3, 5]",16,2,10,6,8,8,5,3,17,17,4,4,4,4,9,5,2
28,224,"[3, 6, 15]","[1, 3, 4]",14,1,7,7,7,7,4,4,17,17,3,4,4,3,8,3,3
29,225,"[3, 4, 7]","[1, 4, 6]",17,2,9,8,6,11,5,2,17,17,7,4,4,2,4,7,6
30,226,"[8, 9, 10]","[1, 3, 4]",18,2,6,12,9,9,2,5,17,17,1,8,4,5,6,6,6
31,227,"[4, 9, 10]","[1, 3, 5]",17,2,7,10,9,8,3,5,17,17,3,5,7,2,7,6,4
32,228,"[8, 13, 15]","[1, 3, 4]",17,2,9,8,8,9,6,5,17,17,4,5,4,4,4,5,8
33,229,"[14, 26, 33]","[1, 4, 6]",17,2,8,9,13,4,2,7,17,17,2,2,6,7,6,2,9
34,230,"[3, 7, 8]","[1, 3, 5]",18,2,9,9,8,10,6,5,17,17,7,3,4,4,8,3,7
35,231,"[12, 17, 26]","[1, 3, 6]",18,2,8,10,12,6,2,6,17,17,2,4,9,3,5,7,6
36,232,"[1, 5, 9]","[1, 3, 5]",18,2,14,4,10,8,5,1,17,17,5,3,7,3,7,5,6
37,233,"[3, 5, 7]","[1, 3, 5]",18,2,9,9,7,11,6,4,17,17,5,6,6,1,7,5,6
38,234,"[3, 8, 15]","[1, 2, 3]",18,2,8,10,13,5,3,8,17,17,2,3,7,6,8,6,4
39,235,"[2, 11, 14]","[1, 2, 3]",19,3,7,12,12,7,4,9,17,17,5,2,6,6,9,3,7
40,236,"[15, 19, 24]","[1, 3, 4]",16,2,8,8,11,5,3,6,17,17,2,3,7,4,3,8,5
41,237,"[2, 6, 9]","[1, 4, 6]",14,1,8,6,5,9,5,2,17,17,3,6,4,1,6,4,4
42,238,"[1, 4, 6]","[1, 3, 6]",17,2,8,9,9,8,3,4,17,17,5,3,8,1,5,5,7
43,239,"[14, 17, 20]","[2, 4, 5]",17,2,11,6,9,8,4,2,17,17,2,6,6,3,6,4,7
44,240,"[2, 6, 9]","[4, 5, 10]",17,2,8,9,7,10,5,4,17,17,4,6,4,3,9,6,2
45,241,"[7, 9, 15]","[3, 5, 10]",16,2,8,8,7,9,5,4,17,17,2,7,4,3,8,6,2
46,242,"[4, 20, 28]","[2, 4, 6]",17,2,7,10,10,7,3,6,17,17,3,4,6,4,5,5,7
47,243,"[1, 2, 3]","[1, 4, 6]",15,1,8,7,8,7,5,5,17,17,4,3,5,3,4,7,4
48,244,"[1, 4, 7]","[1, 3, 5]",19,3,11,8,12,7,2,3,17,17,4,3,6,6,3,10,6
49,245,"[5, 6, 9]","[1, 2, 3]",16,2,8,8,6,10,5,3,17,17,3,7,5,1,9,3,4
50,246,"[3, 8, 10]","[2, 3, 4]",16,2,6,10,8,8,3,5,17,17,3,5,3,5,7,3,6
51,247,"[5, 7, 19]","[2, 3, 6]",16,2,11,5,11,5,4,4,17,17,1,4,10,1,4,7,5
52,248,"[3, 5, 9]","[1, 2, 4]",16,2,8,8,7,9,7,6,17,17,6,3,3,4,7,4,5
53,249,"[4, 8, 10]","[1, 2, 4]",17,2,8,9,10,7,2,4,17,17,4,3,6,4,3,6,8
54,250,"[4, 5, 6]","[1, 3, 4]",13,0,8,5,7,6,4,3,17,17,4,2,3,4,3,1,9
55,251,"[1, 4, 8]","[1, 2, 3]",16,2,5,11,7,9,3,5,17,17,3,6,5,2,5,7,4
56,252,"[2, 3, 4]","[1, 2, 4]",15,1,5,10,10,5,1,6,17,17,3,2,6,4,5,3,7
57,253,"[1, 2, 8]","[1, 2, 3]",17,2,9,8,11,6,3,5,17,17,4,2,7,4,4,3,10
58,254,"[2, 4, 10]","[1, 2, 4]",19,3,7,12,9,10,3,5,17,17,5,5,3,6,6,6,7
59,255,"[2, 9, 12]","[1, 2, 4]",18,2,6,12,10,8,2,6,17,17,3,5,6,4,8,4,6
60,256,"[1, 2, 6]","[1, 2, 3]",13,0,6,7,4,9,4,2,17,17,9,0,3,1,3,3,7
61,257,"[1, 4, 7]","[1, 3, 5]",16,2,10,6,6,10,6,2,17,17,6,4,3,3,4,7,5
62,258,"[7, 13, 14]","[1, 5, 6]",19,3,8,11,9,10,5,6,17,17,4,6,5,4,8,5,6
63,259,"[5, 6, 13]","[1, 3, 4]",17,2,5,12,11,6,2,8,17,17,3,3,6,5,4,5,8
64,260,"[2, 7, 16]","[1, 2, 4]",18,2,9,9,9,9,6,6,17,17,5,4,6,3,8,6,4
65,261,"[1, 11, 17]","[2, 4, 7]",20,3,13,7,11,9,8,6,17,17,5,4,6,5,8,7,5
66,262,"[4, 6, 9]","[2, 4, 6]",17,2,8,9,11,6,3,6,17,17,3,3,8,3,7,4,6
67,263,"[7, 8, 9]","[2, 4, 7]",17,2,9,8,6,11,7,4,17,17,5,6,3,3,5,6,6
68,264,"[5, 15, 16]","[1, 3, 5]",18,2,7,11,11,7,3,7,17,17,4,3,6,5,8,6,4
69,265,"[2, 7, 9]","[1, 3, 5]",18,2,10,8,6,12,7,3,17,17,7,5,2,4,6,5,7
70,266,"[2, 4, 8]","[1, 3, 5]",19,3,6,13,12,7,1,7,17,17,4,3,8,4,9,4,6
