id,nid,num,num_jg,num_uprl,num_tjrl,tj2
1,186,"1,7,11,18,21,23,26,28,30,34,37,41,44,45,46,58,65,67,71,80","-1,4,2,1,6,1,-7,10,2,2,-11,1,2,3,1,9,4,-18,6,8,-21,3,-23,1,2,-26,7,-28,7,-30,12,2,1,-34,1,6,-37,5,1,1,-41,1,2,-44,-45,-46,8,1,4,6,13,4,4,8,3,6,2,-58,2,1,1,3,4,5,-65,1,-67,3,1,10,-71,2,2,6,13,3,2,2,5,-80","33,14,38,39,11,62,69,2,12,77,66,3,4,8,19,49,50,63,76,24,25,30,6,28,32,35,54,57,60,16,21,26,27,37,41,43,61,71,75,80,9,23,45,48,51,53,64,17,18,72,73,31,52,58,20,56,68,7,10,44,46,67,1,13,34,42,74,5,47,59,65,22,36,40,55,15,70,78,79,29","33,11,14,38,39,62,2,12,69,66,77,4,19,30,50,63,3,8,24,25,49,76,21,26,28,35,37,41,54,57,71,80,6,23,27,32,45,60,61,75,9,16,18,43,51,64,17,48,53,58,72,73,31,52,7,44,56,67,1,20,34,46,68,10,13,42,65,74,5,47,59,22,36,40,55,15,70,79,29,78","2,3,6,9,11,13,14,18,23,24,28,29,32,35,37,40,41,45,49,50,52,53,58,60,64,65,67,69,71,73,75,76,77,80"
2,187,"2,3,8,9,11,12,15,25,27,31,33,34,38,55,57,62,69,72,75,78","1,-2,-3,2,7,2,1,-8,-9,3,-11,-12,3,4,-15,10,5,1,7,9,1,4,1,2,-25,1,-27,1,8,1,-31,3,-33,-34,2,7,1,-38,2,2,1,2,3,1,1,1,9,2,5,7,14,5,5,9,-55,7,-57,1,3,2,2,-62,5,6,1,2,1,4,-69,11,1,-72,3,7,-75,4,3,-78,6,1","33,11,14,38,39,62,2,12,69,66,77,4,19,30,50,63,3,8,24,25,49,76,21,26,28,35,37,41,54,57,71,80,6,23,27,32,45,60,61,75,9,16,18,43,51,64,17,48,53,58,72,73,31,52,7,44,56,67,1,20,34,46,68,10,13,42,65,74,5,47,59,22,36,40,55,15,70,79,29,78","33,11,38,14,39,62,12,2,69,66,4,8,19,30,63,77,3,24,25,50,57,76,21,26,27,35,37,41,49,54,75,80,6,23,28,32,45,60,61,71,9,16,18,43,51,64,72,17,31,48,53,73,52,58,7,44,56,67,1,20,34,46,10,13,42,65,68,74,5,47,55,59,22,40,15,36,70,79,78,29","1,2,3,6,8,9,11,13,16,17,22,26,27,29,31,34,38,39,43,44,48,49,51,53,58,61,63,64,66,67,68,71,72,74,76,77,80"
3,188,"4,11,13,17,18,20,21,23,25,27,29,38,44,56,61,62,65,67,75,79","2,1,1,-4,8,3,2,1,1,4,-11,1,-13,5,1,11,-17,-18,8,-20,-21,5,-23,3,-25,2,-27,2,-29,2,1,4,1,1,3,8,2,-38,3,3,2,3,4,-44,2,2,10,3,6,8,15,6,6,10,1,-56,1,2,4,3,-61,-62,6,7,-65,3,-67,5,1,12,2,1,4,8,-75,5,4,1,-79,2","33,11,38,14,39,62,12,2,69,66,4,8,19,30,63,77,3,24,25,50,57,76,21,26,27,35,37,41,49,54,75,80,6,23,28,32,45,60,61,71,9,16,18,43,51,64,72,17,31,48,53,73,52,58,7,44,56,67,1,20,34,46,10,13,42,65,68,74,5,47,55,59,22,40,15,36,70,79,78,29","33,11,38,39,62,14,12,2,69,4,8,30,63,66,77,19,21,24,25,27,50,57,76,3,23,41,49,54,61,75,80,18,26,28,35,37,45,71,6,16,17,32,43,51,60,64,72,9,48,53,73,31,44,52,56,58,20,67,1,7,13,34,46,65,10,42,74,5,47,55,59,68,22,40,15,36,79,70,29,78","1,2,3,6,8,9,10,12,13,16,17,20,21,24,25,28,31,32,37,39,42,43,49,50,52,54,59,62,64,66,67,71,73,76,77,80"
4,189,"1,5,6,12,14,18,22,27,29,32,35,42,49,55,57,59,69,71,74,78","-1,2,2,1,-5,-6,3,2,2,5,1,-12,1,-14,2,12,1,-18,9,1,1,-22,1,4,1,3,-27,3,-29,3,2,-32,2,2,-35,9,3,1,4,4,3,-42,5,1,3,3,11,4,-49,9,16,7,7,11,-55,1,-57,3,-59,4,1,1,7,8,1,4,1,6,-69,13,-71,2,5,-74,1,6,5,-78,1,3","33,11,38,39,62,14,12,2,69,4,8,30,63,66,77,19,21,24,25,27,50,57,76,3,23,41,49,54,61,75,80,18,26,28,35,37,45,71,6,16,17,32,43,51,60,64,72,9,48,53,73,31,44,52,56,58,20,67,1,7,13,34,46,65,10,42,74,5,47,55,59,68,22,40,15,36,79,70,29,78","33,11,38,39,62,14,12,69,2,4,8,27,30,57,66,77,19,25,50,63,76,3,18,21,23,24,35,41,49,54,61,75,80,6,26,28,32,37,71,17,43,45,51,60,64,72,16,48,53,73,9,44,52,56,58,31,67,1,7,13,20,34,42,5,10,46,55,59,65,74,22,47,68,40,15,36,79,70,78,29","1,2,3,5,8,9,10,12,13,16,17,21,22,24,26,28,31,37,39,42,43,48,51,52,53,59,63,64,66,67,71,73,76,77,80"
5,190,"2,3,7,10,23,30,32,39,40,41,42,44,45,46,51,53,59,61,67,80","1,-2,-3,2,1,1,-7,3,3,-10,2,1,2,1,3,13,2,1,10,2,2,1,-23,5,2,4,1,4,1,-30,3,-32,3,3,1,10,4,2,-39,-40,-41,-42,6,-44,-45,-46,12,5,1,10,-51,8,-53,12,1,2,1,4,-59,5,-61,2,8,9,2,5,-67,7,1,14,1,3,6,1,2,7,6,1,2,-80","33,11,38,39,62,14,12,69,2,4,8,27,30,57,66,77,19,25,50,63,76,3,18,21,23,24,35,41,49,54,61,75,80,6,26,28,32,37,71,17,43,45,51,60,64,72,16,48,53,73,9,44,52,56,58,31,67,1,7,13,20,34,42,5,10,46,55,59,65,74,22,47,68,40,15,36,79,70,78,29","33,11,39,38,62,14,12,2,69,30,4,27,57,66,77,3,8,41,50,61,76,80,18,19,23,25,32,35,49,54,63,75,6,21,24,28,51,71,17,26,37,45,53,60,72,16,43,44,48,64,73,56,58,67,7,9,31,42,52,1,10,13,20,34,59,5,46,55,65,22,74,40,47,68,36,15,79,70,78,29","1,2,3,5,7,9,11,12,16,22,23,28,30,31,36,37,39,41,43,47,48,51,52,57,58,62,63,64,69,70,71,74,77,78,79"
6,191,"1,2,5,6,13,15,23,28,32,34,37,42,45,46,53,55,71,73,75,77","-1,-2,1,3,-5,-6,1,4,4,1,3,2,-13,2,-15,14,3,2,11,3,3,2,-23,6,3,5,2,-28,2,1,4,-32,4,-34,2,11,-37,3,1,1,1,-42,7,1,-45,-46,13,6,2,11,1,9,-53,13,-55,3,2,5,1,6,1,3,9,10,3,6,1,8,2,15,-71,4,-73,2,-75,8,-77,2,3,1","33,11,39,38,62,14,12,2,69,30,4,27,57,66,77,3,8,41,50,61,76,80,18,19,23,25,32,35,49,54,63,75,6,21,24,28,51,71,17,26,37,45,53,60,72,16,43,44,48,64,73,56,58,67,7,9,31,42,52,1,10,13,20,34,59,5,46,55,65,22,74,40,47,68,36,15,79,70,78,29","33,11,39,38,62,14,2,12,69,30,4,27,57,77,3,8,23,32,50,61,66,75,76,18,19,28,35,41,49,54,80,6,21,24,25,37,45,51,63,71,17,26,53,72,16,43,44,48,60,64,73,56,67,1,7,9,13,31,34,42,52,58,20,46,5,10,55,59,65,74,22,40,47,68,15,36,79,78,29,70","1,3,4,6,8,10,11,12,15,16,23,25,27,29,35,37,40,42,46,47,50,51,55,61,62,63,64,69,70,72,74,77,80"
7,192,"4,10,12,15,16,18,19,27,28,32,36,46,49,51,54,62,69,70,73,75","1,1,2,-4,1,1,2,5,5,-10,4,-12,1,3,-15,-16,4,-18,-19,4,4,3,1,7,4,6,-27,-28,3,2,5,-32,5,1,3,-36,1,4,2,2,2,1,8,2,1,-46,14,7,-49,12,-51,10,1,-54,1,4,3,6,2,7,2,-62,10,11,4,7,2,9,-69,-70,1,5,-73,3,-75,9,1,3,4,2","33,11,39,38,62,14,2,12,69,30,4,27,57,77,3,8,23,32,50,61,66,75,76,18,19,28,35,41,49,54,80,6,21,24,25,37,45,51,63,71,17,26,53,72,16,43,44,48,60,64,73,56,67,1,7,9,13,31,34,42,52,58,20,46,5,10,55,59,65,74,22,40,47,68,15,36,79,78,29,70","33,39,11,38,62,12,14,2,69,27,4,30,32,57,75,77,3,8,18,19,28,54,61,66,76,23,41,49,50,51,6,21,24,25,35,37,45,63,71,80,16,17,53,72,73,26,43,48,64,44,60,67,1,7,9,13,31,34,42,52,56,10,20,46,58,5,59,55,65,74,22,40,47,68,15,36,79,70,78,29","1,2,3,6,7,9,10,11,12,15,16,20,21,24,27,28,35,37,40,41,44,46,50,55,59,62,64,70,72,74,77,80"
8,193,"3,7,15,22,29,30,37,40,42,48,51,52,61,62,64,66,71,74,75,78","2,2,-3,1,2,2,-7,6,6,1,5,1,2,4,-15,1,5,1,1,5,5,-22,2,8,5,7,1,1,-29,-30,6,1,6,2,4,1,-37,5,3,-40,3,-42,9,3,2,1,15,-48,1,13,-51,-52,2,1,2,5,4,7,3,8,-61,-62,11,-64,5,-66,3,10,1,1,-71,6,1,-74,-75,10,2,-78,5,3","33,39,11,38,62,12,14,2,69,27,4,30,32,57,75,77,3,8,18,19,28,54,61,66,76,23,41,49,50,51,6,21,24,25,35,37,45,63,71,80,16,17,53,72,73,26,43,48,64,44,60,67,1,7,9,13,31,34,42,52,56,10,20,46,58,5,59,55,65,74,22,40,47,68,15,36,79,70,78,29","39,62,33,38,11,14,2,12,69,27,75,3,30,32,57,61,66,77,4,8,18,19,28,51,54,76,41,49,71,21,23,24,25,35,37,45,50,63,80,6,16,17,48,64,43,53,72,73,7,26,42,60,9,13,31,34,44,52,56,67,1,10,46,58,5,20,59,74,22,55,65,15,40,47,36,68,78,79,70,29","1,2,3,5,7,9,11,12,13,15,18,22,23,24,26,27,29,30,32,36,37,38,40,41,43,47,50,54,56,59,60,64,66,71,74,76,79"
9,194,"2,5,6,12,19,20,29,35,37,39,46,47,48,51,54,59,66,72,74,78","3,-2,1,2,-5,-6,1,7,7,2,6,-12,3,5,1,2,6,2,-19,-20,6,1,3,9,6,8,2,2,-29,1,7,2,7,3,-35,2,-37,6,-39,1,4,1,10,4,3,-46,-47,-48,2,14,-51,1,3,-54,3,6,5,8,-59,9,1,1,12,1,6,-66,4,11,2,2,1,-72,2,-74,1,11,3,-78,6,4","39,62,33,38,11,14,2,12,69,27,75,3,30,32,57,61,66,77,4,8,18,19,28,51,54,76,41,49,71,21,23,24,25,35,37,45,50,63,80,6,16,17,48,64,43,53,72,73,7,26,42,60,9,13,31,34,44,52,56,67,1,10,46,58,5,20,59,74,22,55,65,15,40,47,36,68,78,79,70,29","39,62,33,2,38,11,12,14,69,27,66,75,3,51,54,57,77,4,8,18,19,28,30,32,61,37,49,71,76,21,23,24,25,35,41,50,63,80,6,16,17,45,48,64,72,53,73,7,26,42,43,60,9,13,31,34,44,52,56,1,5,20,46,58,59,67,74,10,22,47,55,65,15,40,36,68,78,29,70,79","1,3,5,8,9,12,15,18,19,23,24,26,27,28,31,32,36,38,39,40,41,44,46,47,50,51,56,57,60,63,66,70,71,73,75,76,79"
10,195,"7,10,14,17,18,19,23,24,27,30,31,37,40,41,46,47,49,63,64,75","4,1,2,3,1,1,-7,8,8,-10,7,1,4,-14,2,3,-17,-18,-19,1,7,2,-23,-24,7,9,-27,3,1,-30,-31,3,8,4,1,3,-37,7,1,-40,-41,2,11,5,4,-46,-47,1,-49,15,1,2,4,1,4,7,6,9,1,10,2,2,-63,-64,7,1,5,12,3,3,2,1,3,1,-75,12,4,1,7,5","39,62,33,2,38,11,12,14,69,27,66,75,3,51,54,57,77,4,8,18,19,28,30,32,61,37,49,71,76,21,23,24,25,35,41,50,63,80,6,16,17,45,48,64,72,53,73,7,26,42,43,60,9,13,31,34,44,52,56,1,5,20,46,58,59,67,74,10,22,47,55,65,15,40,36,68,78,29,70,79","39,62,2,33,11,12,14,38,69,27,75,66,18,19,54,57,77,3,4,30,32,37,49,51,61,8,24,28,63,71,76,17,21,23,35,41,50,64,80,16,25,45,72,6,7,48,53,73,31,43,60,9,26,34,42,44,46,52,1,5,10,13,20,56,58,59,67,74,47,22,55,65,15,40,36,68,78,29,70,79","1,2,3,6,9,12,13,14,17,18,23,24,26,27,29,30,35,36,39,40,43,44,47,48,52,53,57,59,64,68,73,76,79"
11,196,"4,6,14,29,32,36,39,40,42,43,44,53,56,61,67,68,69,70,73,79","5,2,3,-4,2,-6,1,9,9,1,8,2,5,-14,3,4,1,1,1,2,8,3,1,1,8,10,1,4,-29,1,1,-32,9,5,2,-36,1,8,-39,-40,1,-42,-43,-44,5,1,1,2,1,16,2,3,-53,2,5,-56,7,10,2,11,-61,3,1,1,8,2,-67,-68,-69,-70,3,2,-73,2,1,13,5,2,-79,6","39,62,2,33,11,12,14,38,69,27,75,66,18,19,54,57,77,3,4,30,32,37,49,51,61,8,24,28,63,71,76,17,21,23,35,41,50,64,80,16,25,45,72,6,7,48,53,73,31,43,60,9,26,34,42,44,46,52,1,5,10,13,20,56,58,59,67,74,47,22,55,65,15,40,36,68,78,29,70,79","39,62,2,33,12,14,38,11,69,27,75,66,4,18,19,32,54,57,61,77,30,37,49,3,8,24,51,63,76,21,23,28,35,41,50,64,71,80,6,16,17,25,53,7,43,45,72,73,31,42,44,48,60,9,26,52,1,5,13,34,46,56,58,59,67,74,10,20,47,65,15,22,36,40,55,68,78,29,70,79","1,2,4,6,7,9,12,13,18,21,22,27,29,30,33,37,39,40,41,45,46,49,50,53,59,62,64,66,67,73,74,76,79"
12,197,"2,6,11,12,13,17,19,27,35,39,42,44,45,53,58,64,71,72,74,75","6,-2,4,1,3,-6,2,10,10,2,-11,-12,-13,1,4,5,-17,2,-19,3,9,4,2,2,9,11,-27,5,1,2,2,1,10,6,-35,1,2,9,-39,1,2,-42,1,-44,-45,2,2,3,2,17,3,4,-53,3,6,1,8,-58,3,12,1,4,2,-64,9,3,1,1,1,1,-71,-72,1,-74,-75,14,6,3,1,7","39,62,2,33,12,14,38,11,69,27,75,66,4,18,19,32,54,57,61,77,30,37,49,3,8,24,51,63,76,21,23,28,35,41,50,64,71,80,6,16,17,25,53,7,43,45,72,73,31,42,44,48,60,9,26,52,1,5,13,34,46,56,58,59,67,74,10,20,47,65,15,22,36,40,55,68,78,29,70,79","39,62,2,12,11,14,33,38,69,27,75,4,18,19,32,57,61,66,77,37,54,3,8,30,49,51,64,71,76,6,17,21,23,24,28,35,50,63,16,41,45,53,72,80,7,25,42,43,44,73,31,48,9,13,26,52,58,60,74,1,5,34,46,56,59,67,10,47,20,65,15,36,40,22,55,68,78,29,70,79","1,2,4,6,8,9,12,13,14,18,23,24,26,28,32,33,37,38,40,41,42,45,49,53,54,58,61,64,67,68,74,75,76,78"
13,198,"5,9,18,19,24,26,30,34,42,46,47,49,51,54,55,56,62,73,74,75","7,1,5,2,-5,1,3,11,-9,3,1,1,1,2,5,6,1,-18,-19,4,10,5,3,-24,10,-26,1,6,2,-30,3,2,11,-34,1,2,3,10,1,2,3,-42,2,1,1,-46,-47,4,-49,18,-51,5,1,-54,-55,-56,9,1,4,13,2,-62,3,1,10,4,2,2,2,2,1,1,-73,-74,-75,15,7,4,2,8","39,62,2,12,11,14,33,38,69,27,75,4,18,19,32,57,61,66,77,37,54,3,8,30,49,51,64,71,76,6,17,21,23,24,28,35,50,63,16,41,45,53,72,80,7,25,42,43,44,73,31,48,9,13,26,52,58,60,74,1,5,34,46,56,59,67,10,47,20,65,15,36,40,22,55,68,78,29,70,79","39,62,2,12,11,14,33,38,69,27,75,19,4,18,32,54,57,61,66,77,30,37,49,3,24,51,71,76,6,8,17,21,35,50,63,64,16,23,28,42,72,73,25,41,44,45,53,80,7,9,26,31,43,74,5,13,34,46,48,52,56,60,1,58,59,10,47,67,65,15,20,36,55,40,68,22,29,70,78,79","1,3,4,6,8,13,14,15,19,23,26,28,31,34,38,42,43,46,49,50,52,54,58,59,61,63,67,68,74,75,76,78"
14,199,"4,14,17,18,20,21,26,27,29,34,44,48,50,53,55,59,62,67,76,79","8,2,6,-4,1,2,4,12,1,4,2,2,2,-14,6,7,-17,-18,1,-20,-21,6,4,1,11,-26,-27,7,-29,1,4,3,12,-34,2,3,4,11,2,3,4,1,3,-44,2,1,1,-48,1,-50,1,6,-53,1,-55,1,10,2,-59,14,3,-62,4,2,11,5,-67,3,3,3,2,2,1,1,1,-76,8,5,-79,9","39,62,2,12,11,14,33,38,69,27,75,19,4,18,32,54,57,61,66,77,30,37,49,3,24,51,71,76,6,8,17,21,35,50,63,64,16,23,28,42,72,73,25,41,44,45,53,80,7,9,26,31,43,74,5,13,34,46,48,52,56,60,1,58,59,10,47,67,65,15,20,36,55,40,68,22,29,70,78,79","39,62,2,12,14,11,27,33,38,69,75,4,18,19,54,57,61,66,77,32,49,3,17,21,30,37,50,51,71,76,8,24,63,6,16,23,28,35,42,44,53,64,73,25,26,41,45,72,80,7,9,31,34,43,48,74,13,46,56,59,60,5,52,58,67,1,10,47,65,15,20,55,36,68,22,29,40,79,78,70","1,3,4,7,9,10,13,16,21,23,26,28,29,31,33,36,38,41,42,44,45,47,49,50,52,55,58,60,63,67,68,69,73,74,75,76,78"
15,200,"2,4,17,25,29,31,32,33,35,37,42,44,45,51,56,57,59,60,64,66","9,-2,7,-4,2,3,5,13,2,5,3,3,3,1,7,8,-17,1,2,1,1,7,5,2,-25,1,1,8,-29,2,-31,-32,-33,1,-35,4,-37,12,3,4,5,-42,4,-44,-45,2,2,1,2,1,-51,7,1,2,1,-56,-57,3,-59,-60,4,1,5,-64,12,-66,1,4,4,4,3,3,2,2,2,1,9,6,1,10","39,62,2,12,14,11,27,33,38,69,75,4,18,19,54,57,61,66,77,32,49,3,17,21,30,37,50,51,71,76,8,24,63,6,16,23,28,35,42,44,53,64,73,25,26,41,45,72,80,7,9,31,34,43,48,74,13,46,56,59,60,5,52,58,67,1,10,47,65,15,20,55,36,68,22,29,40,79,78,70","62,39,2,11,12,14,33,27,38,69,75,4,18,66,19,54,57,61,77,32,37,51,3,17,30,49,71,76,8,21,35,44,50,64,6,16,23,24,28,42,45,53,63,73,25,26,41,80,7,9,31,34,43,48,56,59,60,72,74,13,46,58,67,1,5,10,47,52,65,15,20,55,29,36,22,40,68,79,78,70","1,3,4,8,10,11,14,15,17,21,24,25,28,30,32,33,36,40,41,42,44,45,47,51,52,53,56,57,62,63,65,66,72,73,74,77,79"
16,201,"2,3,12,13,17,20,24,27,31,32,40,45,50,52,61,67,71,76,79,80","10,-2,-3,1,3,4,6,14,3,6,4,-12,-13,2,8,9,-17,2,3,-20,2,8,6,-24,1,2,-27,9,1,3,-31,-32,1,2,1,5,1,13,4,-40,6,1,5,1,-45,3,3,2,3,-50,1,-52,2,3,2,1,1,4,1,1,-61,2,6,1,13,1,-67,5,5,5,-71,4,3,3,3,-76,10,7,-79,-80","62,39,2,11,12,14,33,27,38,69,75,4,18,66,19,54,57,61,77,32,37,51,3,17,30,49,71,76,8,21,35,44,50,64,6,16,23,24,28,42,45,53,63,73,25,26,41,80,7,9,31,34,43,48,56,59,60,72,74,13,46,58,67,1,5,10,47,52,65,15,20,55,29,36,22,40,68,79,78,70","62,2,39,12,14,33,11,27,38,69,4,75,18,61,66,19,57,77,3,17,32,37,54,76,30,49,50,51,71,8,21,45,64,16,23,24,28,35,42,44,53,63,73,80,6,26,31,7,9,13,25,41,43,48,56,59,60,74,34,67,72,46,52,58,1,10,47,5,20,65,15,55,29,36,40,79,22,68,78,70","1,3,4,10,12,15,16,17,20,24,28,31,34,36,37,40,42,43,44,47,48,51,54,58,63,66,68,72,73,75,77,80"
17,202,"1,4,7,10,12,15,16,17,26,29,32,40,42,44,49,65,68,73,77,78","-1,1,1,-4,4,5,-7,15,4,-10,5,-12,1,3,-15,-16,-17,3,4,1,3,9,7,1,2,-26,1,10,-29,4,1,-32,2,3,2,6,2,14,5,-40,7,-42,6,-44,1,4,4,3,-49,1,2,1,3,4,3,2,2,5,2,2,1,3,7,2,-65,2,1,-68,6,6,1,5,-73,4,4,1,-77,-78,1,1","62,2,39,12,14,33,11,27,38,69,4,75,18,61,66,19,57,77,3,17,32,37,54,76,30,49,50,51,71,8,21,45,64,16,23,24,28,35,42,44,53,63,73,80,6,26,31,7,9,13,25,41,43,48,56,59,60,74,34,67,72,46,52,58,1,10,47,5,20,65,15,55,29,36,40,79,22,68,78,70","2,12,62,39,14,33,11,27,38,4,69,75,18,66,77,19,32,57,61,17,37,49,54,76,3,30,50,16,21,42,44,45,51,64,71,8,23,26,35,53,63,73,6,7,24,28,31,80,9,13,41,43,48,56,59,60,25,34,74,1,46,52,58,67,72,10,47,65,5,15,20,29,40,55,36,68,79,78,22,70","1,2,4,8,9,10,14,16,17,22,24,27,28,31,35,38,41,44,45,48,49,50,51,52,57,58,61,62,65,66,72,73,75,78,80"
18,203,"2,9,10,21,22,24,29,32,38,40,42,50,51,53,58,60,63,67,70,74","1,-2,2,1,5,6,1,16,-9,-10,6,1,2,4,1,1,1,4,5,2,-21,-22,8,-24,3,1,2,11,-29,5,2,-32,3,4,3,7,3,-38,6,-40,8,-42,7,1,2,5,5,4,1,-50,-51,2,-53,5,4,3,3,-58,3,-60,2,4,-63,3,1,3,-67,1,7,-70,2,6,1,-74,5,2,1,1,2,2","2,12,62,39,14,33,11,27,38,4,69,75,18,66,77,19,32,57,61,17,37,49,54,76,3,30,50,16,21,42,44,45,51,64,71,8,23,26,35,53,63,73,6,7,24,28,31,80,9,13,41,43,48,56,59,60,25,34,74,1,46,52,58,67,72,10,47,65,5,15,20,29,40,55,36,68,79,78,22,70","2,12,62,33,38,39,11,14,27,4,69,75,18,32,66,77,19,57,17,37,49,50,61,76,3,21,30,51,54,42,44,45,63,64,71,8,16,23,24,26,35,53,6,9,60,73,80,7,13,28,31,41,43,48,56,59,74,34,58,67,1,10,25,46,52,65,72,5,15,20,29,40,47,36,55,79,68,22,78,70","1,3,4,8,10,13,15,17,19,20,22,23,25,27,28,31,32,36,39,41,42,43,45,47,51,52,55,56,59,61,65,67,71,72,74,78,80"
19,204,"3,10,13,21,22,24,28,37,38,46,51,52,54,56,59,60,65,66,70,73","2,1,-3,2,6,7,2,17,1,-10,7,2,-13,5,2,2,2,5,6,3,-21,-22,9,-24,4,2,3,-28,1,6,3,1,4,5,4,8,-37,-38,7,1,9,1,8,2,3,-46,6,5,2,1,-51,-52,1,-54,5,-56,4,1,-59,-60,3,5,1,4,-65,-66,1,2,8,-70,3,7,-73,1,6,3,2,2,3,3","2,12,62,33,38,39,11,14,27,4,69,75,18,32,66,77,19,57,17,37,49,50,61,76,3,21,30,51,54,42,44,45,63,64,71,8,16,23,24,26,35,53,6,9,60,73,80,7,13,28,31,41,43,48,56,59,74,34,58,67,1,10,25,46,52,65,72,5,15,20,29,40,47,36,55,79,68,22,78,70","2,12,62,33,38,39,11,14,27,4,66,69,75,18,77,19,32,57,3,17,37,49,51,61,76,21,30,50,54,42,44,71,8,24,26,45,53,60,63,64,73,6,16,23,28,35,56,59,80,7,9,13,31,41,43,48,74,10,34,46,58,67,1,25,52,65,72,15,20,29,40,47,5,36,79,22,55,68,78,70","1,3,4,10,12,14,16,17,19,21,23,24,26,28,31,32,35,36,39,42,44,48,49,51,53,55,56,59,61,64,66,67,71,73,77,80"
20,205,"4,5,9,10,11,19,28,31,32,35,36,39,43,47,53,56,59,70,77,79","3,2,1,-4,-5,8,3,18,-9,-10,-11,3,1,6,3,3,3,6,-19,4,1,1,10,1,5,3,4,-28,2,7,-31,-32,5,6,-35,-36,1,1,-39,2,10,2,-43,3,4,1,-47,6,3,2,1,1,-53,1,6,-56,5,2,-59,1,4,6,2,5,1,1,2,3,9,-70,4,8,1,2,7,4,-77,3,-79,4","2,12,62,33,38,39,11,14,27,4,66,69,75,18,77,19,32,57,3,17,37,49,51,61,76,21,30,50,54,42,44,71,8,24,26,45,53,60,63,64,73,6,16,23,28,35,56,59,80,7,9,13,31,41,43,48,74,10,34,46,58,67,1,25,52,65,72,15,20,29,40,47,5,36,79,22,55,68,78,70","2,12,39,62,11,38,27,33,4,14,66,69,75,77,19,32,18,57,3,17,37,51,61,30,49,50,76,21,42,44,53,54,71,28,45,64,73,6,8,16,23,24,26,31,35,56,59,60,63,80,9,10,13,43,48,74,7,34,41,46,58,67,1,25,52,65,47,72,5,15,20,29,40,36,79,22,55,68,70,78","1,3,4,9,10,12,16,21,22,23,25,27,28,32,33,36,37,40,41,43,46,47,49,51,52,55,58,60,61,65,69,71,74,78,80"
21,206,"1,6,7,16,17,21,27,32,33,36,44,47,50,51,55,62,64,76,78,79","-1,3,2,1,1,-6,-7,19,1,1,1,4,2,7,4,-16,-17,7,1,5,-21,2,11,2,6,4,-27,1,3,8,1,-32,-33,7,1,-36,2,2,1,3,11,3,1,-44,5,2,-47,7,4,-50,-51,2,1,2,-55,1,6,3,1,2,5,-62,3,-64,2,2,3,4,10,1,5,9,2,3,8,-76,1,-78,-79,5","2,12,39,62,11,38,27,33,4,14,66,69,75,77,19,32,18,57,3,17,37,51,61,30,49,50,76,21,42,44,53,54,71,28,45,64,73,6,8,16,23,24,26,31,35,56,59,60,63,80,9,10,13,43,48,74,7,34,41,46,58,67,1,25,52,65,47,72,5,15,20,29,40,36,79,22,55,68,70,78","2,12,39,62,11,27,33,38,4,14,69,75,77,32,66,17,18,19,51,57,37,50,3,21,44,61,76,30,42,49,53,54,64,71,6,16,45,8,23,24,26,28,31,35,59,60,63,73,80,10,13,43,48,56,74,1,7,9,41,46,58,67,25,34,47,65,52,72,15,20,29,36,40,5,79,55,22,68,70,78","1,3,7,10,12,16,17,21,23,24,26,29,30,31,35,36,38,40,41,43,47,49,51,52,54,57,59,63,64,68,69,71,75,78,80"
22,207,"2,10,16,18,19,20,28,33,39,41,46,49,51,57,60,63,64,65,71,76","1,-2,3,2,2,1,1,20,2,-10,2,5,3,8,5,-16,1,-18,-19,-20,1,3,12,3,7,5,1,-28,4,9,2,1,-33,8,2,1,3,3,-39,4,-41,4,2,1,6,-46,1,8,-49,1,-51,3,2,3,1,2,-57,4,2,-60,6,1,-63,-64,-65,3,4,5,11,2,-71,10,3,4,9,-76,2,1,1,6","2,12,39,62,11,27,33,38,4,14,69,75,77,32,66,17,18,19,51,57,37,50,3,21,44,61,76,30,42,49,53,54,64,71,6,16,45,8,23,24,26,28,31,35,59,60,63,73,80,10,13,43,48,56,74,1,7,9,41,46,58,67,25,34,47,65,52,72,15,20,29,36,40,5,79,55,22,68,70,78","2,12,39,33,11,27,62,38,4,14,69,75,77,19,51,66,17,18,32,57,37,50,44,49,61,64,71,76,3,16,21,30,53,6,28,42,54,60,8,10,23,24,26,31,35,45,59,63,73,41,46,48,56,80,1,7,9,13,43,58,65,67,74,34,47,25,52,20,29,36,40,72,5,15,79,55,22,70,78,68","1,3,8,10,12,13,17,21,23,24,25,26,29,32,36,37,38,41,42,44,47,48,50,52,53,56,58,63,64,66,69,72,75,78"
23,208,"8,11,12,13,14,15,16,23,25,28,34,37,38,43,45,48,58,70,73,77","2,1,4,3,3,2,2,-8,3,1,-11,-12,-13,-14,-15,-16,2,1,1,1,2,4,-23,4,-25,6,2,-28,5,10,3,2,1,-34,3,2,-37,-38,1,5,1,5,-43,2,-45,1,2,-48,1,2,1,4,3,4,2,3,1,-58,3,1,7,2,1,1,1,4,5,6,12,-70,1,11,-73,5,10,1,-77,2,2,7","2,12,39,33,11,27,62,38,4,14,69,75,77,19,51,66,17,18,32,57,37,50,44,49,61,64,71,76,3,16,21,30,53,6,28,42,54,60,8,10,23,24,26,31,35,45,59,63,73,41,46,48,56,80,1,7,9,13,43,58,65,67,74,34,47,25,52,20,29,36,40,72,5,15,79,55,22,70,78,68","12,2,39,11,33,27,38,62,14,4,69,75,77,19,17,18,32,37,51,66,57,16,44,49,50,64,76,3,28,30,53,61,71,6,8,21,42,45,54,73,10,23,26,31,35,48,59,60,63,13,24,41,43,46,56,80,1,7,9,58,65,67,74,25,34,47,29,36,40,52,72,5,15,20,55,79,22,70,78,68","2,3,4,8,10,12,15,20,21,23,24,28,30,31,35,37,39,41,42,44,46,49,51,52,54,55,59,61,63,65,67,69,72,74,78"
24,209,"2,4,10,11,14,16,18,23,32,35,37,45,47,51,52,53,59,67,75,80","3,-2,5,-4,4,3,3,1,4,-10,-11,1,1,-14,1,-16,3,-18,2,2,3,5,-23,5,1,7,3,1,6,11,4,-32,2,1,-35,3,-37,1,2,6,2,6,1,3,-45,2,-47,1,2,3,-51,-52,-53,5,3,4,2,1,-59,2,8,3,2,2,2,5,-67,7,13,1,2,12,1,6,-75,2,1,3,3,-80","12,2,39,11,33,27,38,62,14,4,69,75,77,19,17,18,32,37,51,66,57,16,44,49,50,64,76,3,28,30,53,61,71,6,8,21,42,45,54,73,10,23,26,31,35,48,59,60,63,13,24,41,43,46,56,80,1,7,9,58,65,67,74,25,34,47,29,36,40,52,72,5,15,20,55,79,22,70,78,68","2,12,11,39,33,14,27,38,62,4,69,75,77,19,32,51,18,37,66,16,17,57,44,49,50,53,64,28,30,45,71,76,3,6,10,21,23,35,54,59,61,73,8,26,42,48,60,63,13,24,31,41,43,67,80,1,7,9,46,56,58,25,65,74,34,47,52,29,36,40,72,5,15,20,79,22,55,70,78,68","2,4,7,9,11,14,15,19,20,22,24,28,30,34,35,37,40,42,47,49,51,52,53,56,59,60,63,65,67,69,72,74,78,80"
25,210,"3,4,7,12,14,15,17,21,22,24,27,29,45,47,56,60,72,74,78,80","4,1,-3,-4,5,4,-7,2,5,1,1,-12,2,-14,-15,1,-17,1,3,3,-21,-22,1,-24,2,8,-27,2,-29,12,5,1,3,2,1,4,1,2,3,7,3,7,2,4,-45,3,-47,2,3,4,1,1,1,6,4,-56,3,2,1,-60,9,4,3,3,3,6,1,8,14,2,3,-72,2,-74,1,3,2,-78,4,-80","2,12,11,39,33,14,27,38,62,4,69,75,77,19,32,51,18,37,66,16,17,57,44,49,50,53,64,28,30,45,71,76,3,6,10,21,23,35,54,59,61,73,8,26,42,48,60,63,13,24,31,41,43,67,80,1,7,9,46,56,58,25,65,74,34,47,52,29,36,40,72,5,15,20,79,22,55,70,78,68","12,2,11,14,39,27,33,38,62,4,69,75,77,32,51,17,18,19,66,37,57,16,45,49,50,53,3,21,28,30,44,64,71,10,23,35,54,60,61,73,76,6,8,24,26,48,59,63,31,41,42,56,80,1,7,9,13,43,46,58,67,74,25,47,29,34,52,65,72,15,36,40,5,20,22,79,78,55,70,68","2,4,7,9,12,15,17,18,19,21,22,26,27,28,31,34,36,37,41,42,44,47,49,51,52,55,57,60,65,68,71,74,75,78,80"
26,211,"4,5,8,12,14,20,23,24,25,30,35,37,46,51,53,60,74,75,77,78","5,2,1,-4,-5,5,1,-8,6,2,2,-12,3,-14,1,2,1,2,4,-20,1,1,-23,-24,-25,9,1,3,1,-30,6,2,4,3,-35,5,-37,3,4,8,4,8,3,5,1,-46,1,3,4,5,-51,2,-53,7,5,1,4,3,2,-60,10,5,4,4,4,7,2,9,15,3,4,1,3,-74,-75,4,-77,-78,5,1","12,2,11,14,39,27,33,38,62,4,69,75,77,32,51,17,18,19,66,37,57,16,45,49,50,53,3,21,28,30,44,64,71,10,23,35,54,60,61,73,76,6,8,24,26,48,59,63,31,41,42,56,80,1,7,9,13,43,46,58,67,74,25,47,29,34,52,65,72,15,36,40,5,20,22,79,78,55,70,68","12,2,11,14,39,33,38,4,27,62,75,77,51,69,17,18,19,32,37,53,57,66,45,50,16,21,23,28,30,35,44,49,60,64,71,3,8,10,24,54,73,76,6,26,48,61,31,41,42,46,59,63,74,80,7,9,13,43,56,58,67,1,25,47,29,34,65,72,5,15,20,36,40,52,78,22,79,55,70,68","1,4,5,7,9,12,13,15,17,18,19,20,22,24,27,28,30,33,35,37,41,43,44,48,49,50,52,53,57,58,64,66,69,71,74,75,78,80"
27,212,"1,8,10,12,14,15,26,31,37,42,45,48,58,61,66,71,72,74,77,79","-1,3,2,1,1,6,2,-8,7,-10,3,-12,4,-14,-15,3,2,3,5,1,2,2,1,1,1,-26,2,4,2,1,-31,3,5,4,1,6,-37,4,5,9,5,-42,4,6,-45,1,2,-48,5,6,1,3,1,8,6,2,5,-58,3,1,-61,6,5,5,5,-66,3,10,16,4,-71,-72,4,-74,1,5,-77,1,-79,2","12,2,11,14,39,33,38,4,27,62,75,77,51,69,17,18,19,32,37,53,57,66,45,50,16,21,23,28,30,35,44,49,60,64,71,3,8,10,24,54,73,76,6,26,48,61,31,41,42,46,59,63,74,80,7,9,13,43,56,58,67,1,25,47,29,34,65,72,5,15,20,36,40,52,78,22,79,55,70,68","12,2,14,11,39,38,33,77,4,27,75,51,62,37,69,17,18,19,66,32,45,57,50,53,71,8,10,23,35,44,49,3,16,21,24,28,30,48,54,60,61,64,73,6,26,31,42,74,76,46,58,59,63,80,1,7,9,13,41,43,56,67,25,47,72,29,34,5,15,36,40,52,65,20,78,79,22,55,70,68","1,4,5,7,9,12,15,18,19,22,23,25,29,32,34,36,38,40,41,45,46,48,50,52,54,56,59,61,65,70,71,74,75,78,80"
28,213,"6,7,8,11,12,13,18,21,33,36,37,42,44,56,57,58,60,66,71,80","1,4,3,2,2,-6,-7,-8,8,1,-11,-12,-13,1,1,4,3,-18,6,2,-21,3,2,2,2,1,3,5,3,2,1,4,-33,5,2,-36,-37,5,6,10,6,-42,5,-44,1,2,3,1,6,7,2,4,2,9,7,-56,-57,-58,4,-60,1,7,6,6,6,-66,4,11,17,5,-71,1,5,1,2,6,1,2,1,-80","12,2,14,11,39,38,33,77,4,27,75,51,62,37,69,17,18,19,66,32,45,57,50,53,71,8,10,23,35,44,49,3,16,21,24,28,30,48,54,60,61,64,73,6,26,31,42,74,76,46,58,59,63,80,1,7,9,13,41,43,56,67,25,47,72,29,34,5,15,36,40,52,65,20,78,79,22,55,70,68","12,2,14,11,39,33,38,4,27,75,77,51,62,18,37,66,69,17,19,57,45,71,8,32,50,53,21,23,35,44,49,60,3,6,10,24,30,42,48,54,61,73,16,26,28,31,58,64,74,76,7,13,46,56,59,63,80,43,67,1,9,25,41,47,29,34,36,72,40,52,65,5,15,20,79,78,22,55,70,68","1,4,5,7,9,11,12,14,16,17,18,23,24,27,28,31,32,35,37,41,42,46,51,53,58,61,65,70,71,74,75,78,80"
29,214,"2,7,12,18,20,21,23,25,32,34,35,37,40,45,47,51,55,59,61,71","2,-2,4,3,3,1,-7,1,9,2,1,-12,1,2,2,5,4,-18,7,-20,-21,4,-23,3,-25,2,4,6,4,3,2,-32,1,-34,-35,1,-37,6,7,-40,7,1,6,1,-45,3,-47,2,7,8,-51,5,3,10,-55,1,1,1,-59,1,-61,8,7,7,7,1,5,12,18,6,-71,2,6,2,3,7,2,3,2,1","12,2,14,11,39,33,38,4,27,75,77,51,62,18,37,66,69,17,19,57,45,71,8,32,50,53,21,23,35,44,49,60,3,6,10,24,30,42,48,54,61,73,16,26,28,31,58,64,74,76,7,13,46,56,59,63,80,43,67,1,9,25,41,47,29,34,36,72,40,52,65,5,15,20,79,78,22,55,70,68","2,12,11,14,39,33,38,4,27,51,75,77,37,62,18,66,69,17,19,45,57,71,32,8,21,23,35,50,53,44,61,3,10,42,48,49,54,60,73,6,7,16,24,26,30,31,58,76,28,46,56,59,63,64,74,13,25,47,67,80,1,9,41,43,34,36,40,72,20,29,65,5,15,52,79,55,22,70,78,68","1,3,5,7,8,10,12,15,17,23,26,27,30,32,35,36,39,40,43,45,47,48,50,55,56,59,60,64,69,70,75,80"
30,215,"1,9,14,19,21,22,24,27,36,41,44,51,55,60,61,69,71,76,78,80","-1,1,5,4,4,2,1,2,-9,3,2,1,2,-14,3,6,5,1,-19,1,-21,-22,1,-24,1,3,-27,7,5,4,3,1,2,1,1,-36,1,7,8,1,-41,2,7,-44,1,4,1,3,8,9,-51,6,4,11,-55,2,2,2,1,-60,-61,9,8,8,8,2,6,13,-69,7,-71,3,7,3,4,-76,3,-78,3,-80","2,12,11,14,39,33,38,4,27,51,75,77,37,62,18,66,69,17,19,45,57,71,32,8,21,23,35,50,53,44,61,3,10,42,48,49,54,60,73,6,7,16,24,26,30,31,58,76,28,46,56,59,63,64,74,13,25,47,67,80,1,9,41,43,34,36,40,72,20,29,65,5,15,52,79,55,22,70,78,68","12,2,14,39,11,33,38,51,4,27,75,77,37,62,69,66,71,18,19,45,57,17,21,32,23,35,44,50,53,61,8,3,10,24,42,48,49,54,60,73,76,6,7,16,26,30,58,28,31,46,56,59,63,74,80,1,13,25,47,64,67,9,41,43,36,40,20,34,65,72,5,15,29,52,22,55,78,79,70,68","1,4,5,6,9,11,12,13,16,17,18,20,24,26,27,28,30,32,35,37,40,45,48,52,53,59,61,65,67,69,71,76,80"
31,216,"2,3,13,19,22,24,25,28,29,42,43,45,49,62,63,69,70,72,76,80","1,-2,-3,5,5,3,2,3,1,4,3,2,-13,1,4,7,6,2,-19,2,1,-22,2,-24,-25,4,1,-28,-29,5,4,2,3,2,2,1,2,8,9,2,1,-42,-43,1,-45,5,2,4,-49,10,1,7,5,12,1,3,3,3,2,1,1,-62,-63,9,9,3,7,14,-69,-70,1,-72,8,4,5,-76,4,1,4,-80","12,2,14,39,11,33,38,51,4,27,75,77,37,62,69,66,71,18,19,45,57,17,21,32,23,35,44,50,53,61,8,3,10,24,42,48,49,54,60,73,76,6,7,16,26,30,58,28,31,46,56,59,63,74,80,1,13,25,47,64,67,9,41,43,36,40,20,34,65,72,5,15,29,52,22,55,78,79,70,68","2,12,14,11,33,39,51,38,62,69,75,77,4,27,37,71,18,19,45,57,66,17,21,32,23,44,53,3,8,35,42,49,50,61,76,10,24,48,54,6,7,16,26,30,60,63,73,80,13,25,28,31,46,58,74,1,43,47,56,59,67,9,41,64,40,72,20,29,34,36,65,5,15,52,22,55,79,70,78,68","1,4,5,8,9,11,12,14,18,19,21,23,25,26,28,32,35,36,40,42,45,47,48,49,51,54,55,60,62,64,67,69,73,75,76,80"
32,217,"7,8,10,11,14,18,20,21,24,28,29,33,41,46,67,68,74,76,77,78","2,1,1,6,6,4,-7,-8,2,-10,-11,3,1,-14,5,8,7,-18,1,-20,-21,1,3,-24,1,5,2,-28,-29,6,5,3,-33,3,3,2,3,9,10,3,-41,1,1,2,1,-46,3,5,1,11,2,8,6,13,2,4,4,4,3,2,2,1,1,10,10,4,-67,-68,1,1,2,1,9,-74,6,-76,-77,-78,5,1","2,12,14,11,33,39,51,38,62,69,75,77,4,27,37,71,18,19,45,57,66,17,21,32,23,44,53,3,8,35,42,49,50,61,76,10,24,48,54,6,7,16,26,30,60,63,73,80,13,25,28,31,46,58,74,1,43,47,56,59,67,9,41,64,40,72,20,29,34,36,65,5,15,52,22,55,79,70,78,68","2,12,14,11,33,39,77,51,69,75,4,27,38,62,18,37,19,21,45,57,66,71,17,32,8,23,44,53,76,3,10,24,35,42,49,7,48,50,54,61,6,16,26,30,60,74,13,25,28,31,46,58,63,73,80,1,41,43,56,59,67,9,47,64,20,29,40,72,34,65,5,36,15,22,52,55,78,79,70,68","1,3,5,7,8,10,12,13,15,17,20,21,22,25,28,30,33,35,39,40,42,44,47,48,52,53,57,64,66,69,70,74,76,77,80"
33,218,"3,5,7,11,15,17,18,19,22,24,29,41,43,47,49,50,59,62,78,80","3,2,-3,7,-5,5,-7,1,3,1,-11,4,2,1,-15,9,-17,-18,-19,1,1,-22,4,-24,2,6,3,1,-29,7,6,4,1,4,4,3,4,10,11,4,-41,2,-43,3,2,1,-47,6,-49,-50,3,9,7,14,3,5,5,5,-59,3,3,-62,2,11,11,5,1,1,2,2,3,2,10,1,7,1,1,-78,6,-80","2,12,14,11,33,39,77,51,69,75,4,27,38,62,18,37,19,21,45,57,66,71,17,32,8,23,44,53,76,3,10,24,35,42,49,7,48,50,54,61,6,16,26,30,60,74,13,25,28,31,46,58,63,73,80,1,41,43,56,59,67,9,47,64,20,29,40,72,34,65,5,36,15,22,52,55,78,79,70,68","2,12,14,11,39,33,77,51,62,4,27,38,69,75,18,19,37,17,45,57,66,71,21,3,8,24,32,44,49,53,76,7,10,23,42,50,35,48,54,61,6,16,26,30,60,80,13,25,28,31,43,46,58,59,63,73,74,1,41,47,56,67,9,64,20,29,72,5,34,40,36,65,15,22,52,78,79,55,70,68","1,3,5,7,8,9,10,12,13,15,17,18,19,21,22,25,28,34,43,44,46,49,51,53,58,63,64,68,70,74,76,77,80"
34,219,"2,3,5,6,13,15,20,35,36,39,47,48,51,58,65,67,72,73,79,80","4,-2,-3,8,-5,-6,1,2,4,2,1,5,-13,2,-15,10,1,1,1,-20,2,1,5,1,3,7,4,2,1,8,7,5,2,5,-35,-36,5,11,-39,5,1,3,1,4,3,2,-47,-48,1,1,-51,10,8,15,4,6,6,-58,1,4,4,1,3,12,-65,6,-67,2,3,3,4,-72,-73,2,8,2,2,1,-79,-80","2,12,14,11,39,33,77,51,62,4,27,38,69,75,18,19,37,17,45,57,66,71,21,3,8,24,32,44,49,53,76,7,10,23,42,50,35,48,54,61,6,16,26,30,60,80,13,25,28,31,43,46,58,59,63,73,74,1,41,47,56,67,9,64,20,29,72,5,34,40,36,65,15,22,52,78,79,55,70,68","2,12,14,39,11,33,51,77,4,27,38,62,69,18,19,75,17,37,45,57,71,3,66,8,21,32,44,49,7,10,24,35,42,50,53,76,6,23,48,61,80,13,26,30,54,58,73,16,25,28,31,43,46,47,60,63,67,74,1,41,56,59,9,64,72,5,20,29,34,36,40,65,15,22,79,52,55,70,78,68","1,3,5,6,8,12,13,15,18,19,21,22,23,25,29,30,33,35,41,44,46,48,51,54,58,61,65,66,70,76,78,80"
35,220,"5,6,10,12,17,20,21,23,24,25,33,35,38,39,40,41,43,49,67,71","5,1,1,9,-5,-6,2,3,5,-10,2,-12,1,3,1,11,-17,2,2,-20,-21,2,-23,-24,-25,8,5,3,2,9,8,6,-33,6,-35,1,6,-38,-39,-40,-41,4,-43,5,4,3,1,1,-49,2,1,11,9,16,5,7,7,1,2,5,5,2,4,13,1,7,-67,3,4,4,-71,1,1,3,9,3,3,2,1,1","2,12,14,39,11,33,51,77,4,27,38,62,69,18,19,75,17,37,45,57,71,3,66,8,21,32,44,49,7,10,24,35,42,50,53,76,6,23,48,61,80,13,26,30,54,58,73,16,25,28,31,43,46,47,60,63,67,74,1,41,56,59,9,64,72,5,20,29,34,36,40,65,15,22,79,52,55,70,78,68","2,12,39,14,11,33,38,51,77,4,27,17,19,62,69,71,75,18,45,57,3,21,37,49,66,8,10,35,44,6,23,24,32,42,50,53,76,7,61,80,25,26,48,54,58,13,16,28,30,31,41,43,46,60,67,73,74,1,47,56,59,63,5,9,20,64,72,29,40,34,36,65,15,22,79,52,55,70,78,68","1,3,5,7,8,13,16,19,20,23,24,25,29,31,35,39,40,44,45,48,51,52,56,60,67,69,72,74,77,79,80"
36,221,"1,2,3,5,10,18,21,25,28,34,35,41,48,51,54,58,59,60,77,79","-1,-2,-3,10,-5,1,3,4,6,-10,3,1,2,4,2,12,1,-18,3,1,-21,3,1,1,-25,9,6,-28,3,10,9,7,1,-34,-35,2,7,1,1,1,-41,5,1,6,5,4,2,-48,1,3,-51,12,10,-54,6,8,8,-58,-59,-60,6,3,5,14,2,8,1,4,5,5,1,2,2,4,10,4,-77,3,-79,2","2,12,39,14,11,33,38,51,77,4,27,17,19,62,69,71,75,18,45,57,3,21,37,49,66,8,10,35,44,6,23,24,32,42,50,53,76,7,61,80,25,26,48,54,58,13,16,28,30,31,41,43,46,60,67,73,74,1,47,56,59,63,5,9,20,64,72,29,40,34,36,65,15,22,79,52,55,70,78,68","2,12,39,14,11,33,77,38,51,27,4,17,18,62,69,71,75,3,19,57,21,35,37,45,49,66,8,10,44,23,24,32,42,50,76,6,7,25,53,54,58,61,80,26,28,41,48,1,13,16,30,46,59,60,67,73,74,31,43,47,63,5,20,56,64,72,9,29,40,34,36,15,65,79,22,52,55,70,78,68","1,3,5,7,8,11,13,15,17,18,19,20,21,24,28,29,31,35,36,39,41,44,45,47,48,50,52,55,58,60,67,69,71,74,77,80"
37,222,"2,5,7,9,17,18,21,25,28,31,32,33,34,35,38,51,57,58,61,65","1,-2,1,11,-5,2,-7,5,-9,1,4,2,3,5,3,13,-17,-18,4,2,-21,4,2,2,-25,10,7,-28,4,11,-31,-32,-33,-34,-35,3,8,-38,2,2,1,6,2,7,6,5,3,1,2,4,-51,13,11,1,7,9,-57,-58,1,1,-61,4,6,15,-65,9,2,5,6,6,2,3,3,5,11,5,1,4,1,3","2,12,39,14,11,33,77,38,51,27,4,17,18,62,69,71,75,3,19,57,21,35,37,45,49,66,8,10,44,23,24,32,42,50,76,6,7,25,53,54,58,61,80,26,28,41,48,1,13,16,30,46,59,60,67,73,74,31,43,47,63,5,20,56,64,72,9,29,40,34,36,15,65,79,22,52,55,70,78,68","2,12,39,14,33,38,51,77,11,27,4,17,18,57,62,69,71,75,3,19,21,35,37,45,49,66,8,32,44,7,10,23,24,25,42,50,58,76,6,53,61,80,26,28,41,48,54,1,13,30,31,46,59,67,74,5,16,47,60,73,20,43,56,63,64,72,9,29,34,40,36,65,15,79,22,52,55,70,78,68","1,3,5,6,8,11,14,15,18,20,22,23,24,27,28,29,33,37,40,42,43,46,49,50,53,56,59,64,65,68,71,72,75,80"
38,223,"3,19,22,27,28,33,34,35,36,40,50,51,54,57,64,67,68,69,75,79","2,1,-3,12,1,3,1,6,1,2,5,3,4,6,4,14,1,1,-19,3,1,-22,3,3,1,11,-27,-28,5,12,1,1,-33,-34,-35,-36,9,1,3,-40,2,7,3,8,7,6,4,2,3,-50,-51,14,12,-54,8,10,-57,1,2,2,1,5,7,-64,1,10,-67,-68,-69,7,3,4,4,6,-75,6,2,5,-79,4","2,12,39,14,33,38,51,77,11,27,4,17,18,57,62,69,71,75,3,19,21,35,37,45,49,66,8,32,44,7,10,23,24,25,42,50,58,76,6,53,61,80,26,28,41,48,54,1,13,30,31,46,59,67,74,5,16,47,60,73,20,43,56,63,64,72,9,29,34,40,36,65,15,79,22,52,55,70,78,68","2,12,39,14,33,51,38,77,11,27,69,3,4,18,19,57,62,71,75,17,21,35,37,49,66,8,32,44,45,7,10,23,24,25,50,58,76,6,42,53,54,80,26,28,41,48,61,1,30,46,59,67,5,13,16,31,47,60,64,74,20,34,40,43,56,63,72,73,29,9,36,65,15,22,79,52,70,78,55,68","1,3,4,6,10,12,14,15,17,19,20,22,24,25,26,27,29,31,33,35,38,41,43,47,48,53,54,56,59,65,66,70,71,73,75,80"
39,224,"3,6,15,19,20,22,23,24,27,29,36,42,45,46,49,55,56,75,76,78","3,2,-3,13,2,-6,2,7,2,3,6,4,5,7,-15,15,2,2,-19,-20,2,-22,-23,-24,2,12,-27,1,-29,13,2,2,1,1,1,-36,10,2,4,1,3,-42,4,9,-45,-46,5,3,-49,1,1,15,13,1,-55,-56,1,2,3,3,2,6,8,1,2,11,1,1,1,8,4,5,5,7,-75,-76,3,-78,1,5","2,12,39,14,33,51,38,77,11,27,69,3,4,18,19,57,62,71,75,17,21,35,37,49,66,8,32,44,45,7,10,23,24,25,50,58,76,6,42,53,54,80,26,28,41,48,61,1,30,46,59,67,5,13,16,31,47,60,64,74,20,34,40,43,56,63,72,73,29,9,36,65,15,22,79,52,70,78,55,68","2,12,39,14,33,51,38,77,11,27,69,75,3,4,18,19,62,17,21,57,71,35,45,49,66,23,24,32,37,44,76,6,7,8,10,42,25,50,53,58,80,26,41,46,48,54,61,1,28,30,59,5,13,20,31,47,56,60,67,74,16,29,34,40,43,63,64,72,73,9,36,15,65,22,79,78,52,55,70,68","1,4,6,10,13,15,18,19,20,22,23,25,26,29,31,34,35,39,40,44,45,48,51,52,54,58,59,66,70,72,73,77,80"
40,225,"3,4,7,12,13,16,20,21,25,26,32,41,43,44,47,53,60,68,73,76","4,3,-3,-4,3,1,-7,8,3,4,7,-12,-13,8,1,-16,3,3,1,-20,-21,1,1,1,-25,-26,1,2,1,14,3,-32,2,2,2,1,11,3,5,2,-41,1,-43,-44,1,1,-47,4,1,2,2,16,-53,2,1,1,2,3,4,-60,3,7,9,2,3,12,2,-68,2,9,5,6,-73,8,1,-76,4,1,2,6","2,12,39,14,33,51,38,77,11,27,69,75,3,4,18,19,62,17,21,57,71,35,45,49,66,23,24,32,37,44,76,6,7,8,10,42,25,50,53,58,80,26,41,46,48,54,61,1,28,30,59,5,13,20,31,47,56,60,67,74,16,29,34,40,43,63,64,72,73,9,36,15,65,22,79,78,52,55,70,68","2,12,39,14,33,38,51,77,11,27,75,3,4,18,19,62,69,21,57,71,17,32,35,44,45,66,76,7,23,24,37,49,10,42,53,6,8,25,41,50,80,26,46,48,54,58,61,1,28,30,60,5,13,16,20,31,43,47,56,59,67,74,63,64,72,73,29,34,40,9,36,15,65,22,79,78,52,55,70,68","1,3,4,5,9,10,12,15,19,21,23,24,25,28,31,33,34,37,38,43,47,49,51,53,56,58,64,68,69,72,73,75,80"
41,226,"8,9,10,15,16,20,30,34,36,37,43,45,46,47,48,50,53,62,65,66","5,4,1,1,4,2,1,-8,-9,-10,8,1,1,9,-15,-16,4,4,2,-20,1,2,2,2,1,1,2,3,2,-30,4,1,3,-34,3,-36,-37,4,6,3,1,2,-43,1,-45,-46,-47,-48,2,-50,3,17,-53,3,2,2,3,4,5,1,4,-62,10,3,-65,-66,3,1,3,10,6,7,1,9,2,1,5,2,3,7","2,12,39,14,33,38,51,77,11,27,75,3,4,18,19,62,69,21,57,71,17,32,35,44,45,66,76,7,23,24,37,49,10,42,53,6,8,25,41,50,80,26,46,48,54,58,61,1,28,30,60,5,13,16,20,31,43,47,56,59,67,74,63,64,72,73,29,34,40,9,36,15,65,22,79,78,52,55,70,68","12,2,39,33,14,38,77,11,27,51,3,4,18,19,62,69,75,45,57,66,21,32,37,44,71,7,10,17,23,24,35,49,53,76,8,42,50,25,41,46,80,6,30,48,54,61,1,16,20,26,28,43,47,58,5,13,31,56,59,60,67,74,63,64,72,9,29,34,40,73,15,36,65,79,22,78,55,70,52,68","1,3,5,6,11,14,16,17,20,22,24,25,27,28,31,33,34,36,37,39,41,43,47,49,50,54,57,60,64,67,70,74,80"
42,227,"4,9,10,12,17,18,22,28,33,38,42,44,47,48,61,63,64,67,73,74","6,5,2,-4,5,3,2,1,-9,-10,9,-12,2,10,1,1,-17,-18,3,1,2,-22,3,3,2,2,3,-28,3,1,5,2,-33,1,4,1,1,-38,7,4,2,-42,1,-44,1,1,-47,-48,3,1,4,18,1,4,3,3,4,5,6,2,-61,1,-63,-64,1,1,-67,2,4,11,7,8,-73,-74,3,2,6,3,4,8","12,2,39,33,14,38,77,11,27,51,3,4,18,19,62,69,75,45,57,66,21,32,37,44,71,7,10,17,23,24,35,49,53,76,8,42,50,25,41,46,80,6,30,48,54,61,1,16,20,26,28,43,47,58,5,13,31,56,59,60,67,74,63,64,72,9,29,34,40,73,15,36,65,79,22,78,55,70,52,68","12,2,33,39,38,77,11,14,27,51,3,4,18,19,69,44,45,57,62,66,75,10,17,21,32,23,24,35,37,42,53,71,7,8,49,50,76,25,41,46,48,80,6,30,47,54,61,16,20,28,43,74,1,5,13,26,31,56,58,59,60,63,67,9,64,72,73,29,34,40,15,36,65,22,79,78,55,70,52,68","1,3,4,5,11,12,13,16,17,20,21,24,25,27,31,32,34,37,39,42,45,47,50,51,54,57,60,62,64,65,69,72,79,80"
43,228,"8,13,15,17,19,23,24,27,28,35,40,41,42,45,46,47,52,56,67,80","7,6,3,1,6,4,3,-8,1,1,10,1,-13,11,-15,2,-17,1,-19,2,3,1,-23,-24,3,3,-27,-28,4,2,6,3,1,2,-35,2,2,1,8,-40,-41,-42,2,1,-45,-46,-47,1,4,2,5,-52,2,5,4,-56,5,6,7,3,1,2,1,1,2,2,-67,3,5,12,8,9,1,1,4,3,7,4,5,-80","12,2,33,39,38,77,11,14,27,51,3,4,18,19,69,44,45,57,62,66,75,10,17,21,32,23,24,35,37,42,53,71,7,8,49,50,76,25,41,46,48,80,6,30,47,54,61,16,20,28,43,74,1,5,13,26,31,56,58,59,60,63,67,9,64,72,73,29,34,40,15,36,65,22,79,78,55,70,52,68","12,2,39,33,27,38,77,11,14,19,3,4,18,45,51,69,44,75,10,17,21,23,24,35,42,57,62,66,8,32,37,53,7,41,49,50,71,76,80,25,46,47,48,6,61,13,28,30,43,54,56,67,1,5,16,20,26,31,59,60,63,74,40,58,64,72,73,9,15,29,34,36,65,22,79,78,52,55,70,68","1,4,6,13,14,16,18,20,22,24,25,27,28,32,33,34,37,38,39,41,44,47,51,52,58,59,61,63,65,68,72,77,80"
44,229,"14,26,33,39,41,47,48,56,59,61,64,65,66,68,71,72,76,77,78,80","8,7,4,2,7,5,4,1,2,2,11,2,1,-14,1,3,1,2,1,3,4,2,1,1,4,-26,1,1,5,3,7,4,-33,3,1,3,3,2,-39,1,-41,1,3,2,1,1,-47,-48,5,3,6,1,3,6,5,-56,6,7,-59,4,-61,3,2,-64,-65,-66,1,-68,6,13,-71,-72,2,2,5,-76,-77,-78,6,-80","12,2,39,33,27,38,77,11,14,19,3,4,18,45,51,69,44,75,10,17,21,23,24,35,42,57,62,66,8,32,37,53,7,41,49,50,71,76,80,25,46,47,48,6,61,13,28,30,43,54,56,67,1,5,16,20,26,31,59,60,63,74,40,58,64,72,73,9,15,29,34,36,65,22,79,78,52,55,70,68","12,2,39,33,38,77,14,27,3,11,18,19,51,4,44,45,66,69,10,17,21,23,24,35,42,57,62,75,8,32,37,41,53,71,76,80,7,47,48,49,50,25,46,61,6,56,13,26,28,30,54,59,5,16,20,43,60,63,64,67,72,74,1,31,40,9,34,58,73,15,29,36,65,22,78,79,55,70,52,68","1,3,5,7,9,10,12,17,18,20,22,24,27,29,31,32,33,36,37,38,40,44,46,49,51,52,53,55,57,60,64,67,68,72,77,80"
45,230,"3,7,8,13,14,21,24,28,33,35,38,44,50,51,54,59,69,74,77,78","9,8,-3,3,8,6,-7,-8,3,3,12,3,-13,-14,2,4,2,3,2,4,-21,3,2,-24,5,1,2,-28,6,4,8,5,-33,4,-35,4,4,-38,1,2,1,2,4,-44,2,2,1,1,6,-50,-51,2,4,-54,6,1,7,8,-59,5,1,4,3,1,1,1,2,1,-69,14,1,1,3,-74,6,1,-77,-78,7,1","12,2,39,33,38,77,14,27,3,11,18,19,51,4,44,45,66,69,10,17,21,23,24,35,42,57,62,75,8,32,37,41,53,71,76,80,7,47,48,49,50,25,46,61,6,56,13,26,28,30,54,59,5,16,20,43,60,63,64,67,72,74,1,31,40,9,34,58,73,15,29,36,65,22,78,79,55,70,52,68","12,2,33,38,39,77,14,27,3,51,11,18,19,4,21,24,35,44,45,66,69,10,17,42,57,62,75,7,8,23,32,41,53,71,76,80,37,47,48,49,50,25,6,28,46,56,61,13,26,30,54,59,74,5,20,43,60,63,64,67,72,1,16,40,9,31,34,58,15,29,36,65,73,22,78,79,52,55,70,68","1,3,6,7,9,10,15,16,19,20,23,24,26,29,31,34,37,38,39,40,43,44,49,50,51,54,55,62,64,67,68,70,74,78,80"
46,231,"12,17,26,28,31,34,37,42,44,51,52,55,59,60,61,62,68,74,75,79","10,9,1,4,9,7,1,1,4,4,13,-12,1,1,3,5,-17,4,3,5,1,4,3,1,6,-26,3,-28,7,5,-31,6,1,-34,1,5,-37,1,2,3,2,-42,5,-44,3,3,2,2,7,1,-51,-52,5,1,-55,2,8,9,-59,-60,-61,-62,4,2,2,2,3,-68,1,15,2,2,4,-74,-75,2,1,1,-79,2","12,2,33,38,39,77,14,27,3,51,11,18,19,4,21,24,35,44,45,66,69,10,17,42,57,62,75,7,8,23,32,41,53,71,76,80,37,47,48,49,50,25,6,28,46,56,61,13,26,30,54,59,74,5,20,43,60,63,64,67,72,1,16,40,9,31,34,58,15,29,36,65,73,22,78,79,52,55,70,68","12,2,33,38,39,77,14,27,51,3,11,18,19,44,4,17,21,24,66,69,75,35,42,45,62,7,10,23,32,37,41,53,57,71,8,48,49,50,76,80,28,47,61,6,25,46,59,74,13,26,30,54,56,60,5,20,64,67,1,16,31,34,40,43,63,72,9,58,29,36,65,73,15,79,22,78,55,52,68,70","1,3,5,8,11,16,18,20,23,24,27,29,32,34,37,40,43,47,49,50,53,54,57,58,61,63,65,68,70,75,78,80"
47,232,"1,5,9,11,14,27,29,32,36,41,54,55,57,61,63,67,69,71,73,79","-1,10,2,5,-5,8,2,2,-9,5,-11,1,2,-14,4,6,1,5,4,6,2,5,4,2,7,1,-27,1,-29,6,1,-32,2,1,2,-36,1,2,3,4,-41,1,6,1,4,4,3,3,8,2,1,1,6,-54,-55,3,-57,10,1,1,-61,1,-63,3,3,3,-67,1,-69,16,-71,3,-73,1,1,3,2,2,-79,3","12,2,33,38,39,77,14,27,51,3,11,18,19,44,4,17,21,24,66,69,75,35,42,45,62,7,10,23,32,37,41,53,57,71,8,48,49,50,76,80,28,47,61,6,25,46,59,74,13,26,30,54,56,60,5,20,64,67,1,16,31,34,40,43,63,72,9,58,29,36,65,73,15,79,22,78,55,52,68,70","12,2,33,38,77,14,39,27,51,3,11,18,19,69,17,21,44,66,75,4,24,32,35,41,42,45,57,71,7,10,23,37,62,8,48,49,50,53,61,76,80,47,6,25,28,46,54,74,5,13,30,56,59,60,67,1,20,26,63,64,16,40,72,9,29,31,34,43,58,73,36,15,65,79,78,22,55,52,68,70","1,3,5,8,10,15,18,19,22,23,25,27,29,30,35,36,38,41,42,43,47,48,51,55,56,57,60,61,62,65,68,70,73,76,78,80"
48,233,"3,5,7,17,19,24,26,30,31,34,35,36,42,44,52,53,55,63,65,66","1,11,-3,6,-5,9,-7,3,1,6,1,2,3,1,5,7,-17,6,-19,7,3,6,5,-24,8,-26,1,2,1,-30,-31,1,3,-34,-35,-36,2,3,4,5,1,-42,7,-44,5,5,4,4,9,3,2,-52,-53,1,-55,4,1,11,2,2,1,2,-63,4,-65,-66,1,2,1,17,1,4,1,2,2,4,3,3,1,4","12,2,33,38,77,14,39,27,51,3,11,18,19,69,17,21,44,66,75,4,24,32,35,41,42,45,57,71,7,10,23,37,62,8,48,49,50,53,61,76,80,47,6,25,28,46,54,74,5,13,30,56,59,60,67,1,20,26,63,64,16,40,72,9,29,31,34,43,58,73,36,15,65,79,78,22,55,52,68,70","12,2,33,38,77,14,39,27,51,3,11,17,18,19,44,66,69,24,35,42,75,4,7,21,32,41,45,57,71,23,37,62,10,49,50,53,61,80,8,47,48,76,5,6,25,28,46,74,13,26,30,54,56,60,63,67,1,59,64,20,31,40,72,9,16,34,43,73,29,36,58,65,15,79,78,22,52,55,68,70","1,2,3,8,11,16,17,18,20,24,25,27,30,34,35,37,40,41,43,45,48,50,52,55,56,58,60,62,66,68,69,70,75,76,80"
49,234,"3,8,15,21,36,37,42,44,46,50,52,55,56,57,60,61,68,72,75,79","2,12,-3,7,1,10,1,-8,2,7,2,3,4,2,-15,8,1,7,1,8,-21,7,6,1,9,1,2,3,2,1,1,2,4,1,1,-36,-37,4,5,6,2,-42,8,-44,6,-46,5,5,10,-50,3,-52,1,2,-55,-56,-57,12,3,-60,-61,3,1,5,1,1,2,-68,2,18,2,-72,2,3,-75,5,4,4,-79,5","12,2,33,38,77,14,39,27,51,3,11,17,18,19,44,66,69,24,35,42,75,4,7,21,32,41,45,57,71,23,37,62,10,49,50,53,61,80,8,47,48,76,5,6,25,28,46,74,13,26,30,54,56,60,63,67,1,59,64,20,31,40,72,9,16,34,43,73,29,36,58,65,15,79,78,22,52,55,68,70","12,2,33,38,77,14,39,3,27,51,11,17,18,42,44,69,75,19,21,24,35,57,66,7,37,41,45,4,23,32,61,71,8,10,49,50,53,62,46,47,76,80,5,28,48,56,60,74,6,13,25,54,63,67,1,26,30,59,64,20,40,72,9,16,31,34,36,73,15,43,58,79,29,65,78,22,52,55,68,70","1,2,3,8,10,15,16,19,22,24,27,28,31,34,35,38,39,41,44,45,46,48,49,51,52,57,60,61,63,66,68,70,71,75,76,80"
50,235,"2,11,14,19,21,23,36,48,50,51,53,60,62,64,66,72,73,75,78,80","3,-2,1,8,2,11,2,1,3,8,-11,4,5,-14,1,9,2,8,-19,9,-21,8,-23,2,10,2,3,4,3,2,2,3,5,2,2,-36,1,5,6,7,3,1,9,1,7,1,6,-48,11,-50,-51,1,-53,3,1,1,1,13,4,-60,1,-62,2,-64,2,-66,3,1,3,19,3,-72,-73,4,-75,6,5,-78,1,-80","12,2,33,38,77,14,39,3,27,51,11,17,18,42,44,69,75,19,21,24,35,57,66,7,37,41,45,4,23,32,61,71,8,10,49,50,53,62,46,47,76,80,5,28,48,56,60,74,6,13,25,54,63,67,1,26,30,59,64,20,40,72,9,16,31,34,36,73,15,43,58,79,29,65,78,22,52,55,68,70","12,2,14,33,38,39,51,77,3,11,27,75,17,21,42,44,66,69,18,19,35,24,37,41,45,57,4,7,23,50,61,71,8,10,32,49,53,62,46,60,76,80,28,47,48,56,74,5,6,13,25,54,63,67,1,26,30,59,64,20,36,40,72,73,9,16,31,15,34,43,58,79,29,65,78,22,52,55,68,70","1,3,4,9,12,16,23,25,28,29,31,32,35,37,39,40,42,44,49,50,52,54,55,56,59,62,63,64,67,68,71,73,76,78,80"
