id,nid,num,num_jg,num_uprl,num_tjrl,tj2
1,348,"2,19,20,22,24,25,30,33,35,39,41,49,53,54,55,60,63,66,75,80","4,-2,1,4,6,2,9,2,7,1,1,3,2,1,7,8,1,14,-19,-20,7,-22,2,-24,-25,2,12,1,5,-30,8,3,-33,1,-35,9,4,2,-39,1,-41,2,3,4,1,1,8,1,-49,4,1,4,-53,-54,-55,1,13,5,6,-60,3,5,-63,7,5,-66,1,2,2,6,1,1,1,7,-75,3,6,10,3,-80","55,26,25,27,68,11,10,15,30,80,1,8,46,13,16,20,41,73,3,40,57,62,71,72,28,33,43,47,48,49,60,65,29,34,50,52,69,38,54,70,76,21,37,74,78,6,14,19,31,45,22,32,35,36,53,58,59,66,7,63,79,9,18,77,2,5,17,56,12,42,61,39,44,4,23,75,24,67,51,64","55,26,25,27,68,30,80,10,11,8,15,41,46,1,13,20,73,3,16,33,40,49,57,60,62,72,28,47,65,71,29,34,43,48,50,54,69,38,52,76,19,37,70,74,78,6,14,21,22,31,35,45,53,36,58,66,32,59,63,79,7,2,9,18,77,17,56,5,12,39,42,61,44,75,23,4,24,67,51,64","1,4,5,11,12,16,19,20,22,23,24,27,31,32,34,35,38,40,41,44,48,50,53,55,56,59,62,63,66,69,70,72,76,80"
2,349,"7,8,18,20,22,23,28,40,41,43,45,47,48,51,53,58,64,67,78,80","5,1,2,5,7,3,-7,-8,8,2,2,4,3,2,8,9,2,-18,1,-20,8,-22,-23,1,1,3,13,-28,6,1,9,4,1,2,1,10,5,3,1,-40,-41,3,-43,5,-45,2,-47,-48,1,5,-51,5,-53,1,1,2,14,-58,7,1,4,6,1,-64,6,1,-67,3,3,7,2,2,2,8,1,4,7,-78,4,-80","55,26,25,27,68,30,80,10,11,8,15,41,46,1,13,20,73,3,16,33,40,49,57,60,62,72,28,47,65,71,29,34,43,48,50,54,69,38,52,76,19,37,70,74,78,6,14,21,22,31,35,45,53,36,58,66,32,59,63,79,7,2,9,18,77,17,56,5,12,39,42,61,44,75,23,4,24,67,51,64","55,26,25,27,68,80,30,8,10,11,41,46,13,15,20,40,73,1,16,33,47,49,57,60,72,3,28,43,62,65,71,29,48,50,54,69,34,38,52,76,78,19,22,37,45,53,6,14,21,70,74,31,35,36,58,66,59,63,7,32,79,18,77,2,9,17,56,5,12,39,42,61,23,44,75,4,51,67,24,64","1,4,6,7,10,12,17,18,19,21,23,25,26,29,32,36,37,40,42,43,44,46,48,49,50,53,56,59,62,63,67,69,71,72,76,80"
3,350,"1,5,6,20,24,30,32,33,35,36,37,38,40,52,55,62,64,70,72,76","-1,2,3,6,-5,-6,1,1,9,3,3,5,4,3,9,10,3,1,2,-20,9,1,1,-24,2,4,14,1,7,-30,10,-32,-33,3,-35,-36,-37,-38,2,-40,1,4,1,6,1,3,1,1,2,6,1,-52,1,2,-55,3,15,1,8,2,5,-62,2,-64,7,2,1,4,4,-70,3,-72,3,9,2,-76,8,1,5,1","55,26,25,27,68,80,30,8,10,11,41,46,13,15,20,40,73,1,16,33,47,49,57,60,72,3,28,43,62,65,71,29,48,50,54,69,34,38,52,76,78,19,22,37,45,53,6,14,21,70,74,31,35,36,58,66,59,63,7,32,79,18,77,2,9,17,56,5,12,39,42,61,23,44,75,4,51,67,24,64","55,26,25,27,68,80,30,8,10,41,11,20,40,46,1,13,15,33,72,73,47,49,57,60,3,16,43,62,65,28,29,48,50,54,69,71,76,34,37,38,52,78,6,19,22,45,53,35,36,70,14,21,31,58,66,74,32,59,63,7,79,18,77,17,2,5,9,12,39,56,23,42,44,61,75,4,51,67,24,64","1,2,5,11,12,13,18,20,23,25,29,32,34,36,38,43,45,46,48,49,54,57,58,62,63,68,71,72,76,80"
4,351,"5,12,14,17,19,21,24,25,31,32,39,42,46,49,50,52,57,63,68,72","1,3,4,7,-5,1,2,2,10,4,4,-12,5,-14,10,11,-17,2,-19,1,-21,2,2,-24,-25,5,15,2,8,1,-31,-32,1,4,1,1,1,1,-39,1,2,-42,2,7,2,-46,2,2,-49,-50,2,-52,2,3,1,4,-57,2,9,3,6,1,-63,1,8,3,2,-68,5,1,4,-72,4,10,3,1,9,2,6,2","55,26,25,27,68,80,30,8,10,41,11,20,40,46,1,13,15,33,72,73,47,49,57,60,3,16,43,62,65,28,29,48,50,54,69,71,76,34,37,38,52,78,6,19,22,45,53,35,36,70,14,21,31,58,66,74,32,59,63,7,79,18,77,17,2,5,9,12,39,56,23,42,44,61,75,4,51,67,24,64","55,25,26,68,27,30,80,8,41,46,10,11,20,40,72,1,13,15,33,57,73,47,49,60,3,62,16,28,43,48,50,52,65,69,71,76,29,37,38,54,78,6,19,22,34,45,53,14,21,35,36,70,31,32,58,66,74,59,63,7,79,18,17,5,39,77,2,9,12,42,56,61,75,23,44,24,51,67,4,64","1,4,6,12,14,17,19,20,23,24,25,29,30,33,34,37,40,43,45,46,49,54,56,57,62,68,69,71,72,76,80"
5,001,"2,5,6,11,24,25,27,32,34,35,39,41,44,51,54,62,70,71,72,75","2,-2,5,8,-5,-6,3,3,11,5,-11,1,6,1,11,12,1,3,1,2,1,3,3,-24,-25,6,-27,3,9,2,1,-32,2,-34,-35,2,2,2,-39,2,-41,1,3,-44,3,1,3,3,1,1,-51,1,3,-54,2,5,1,3,10,4,7,-62,1,2,9,4,3,1,6,-70,-71,-72,5,11,-75,2,10,3,7,3","55,25,26,68,27,30,80,8,41,46,10,11,20,40,72,1,13,15,33,57,73,47,49,60,3,62,16,28,43,48,50,52,65,69,71,76,29,37,38,54,78,6,19,22,34,45,53,14,21,35,36,70,31,32,58,66,74,59,63,7,79,18,17,5,39,77,2,9,12,42,56,61,75,23,44,24,51,67,4,64","55,25,26,27,30,41,68,8,80,10,11,20,46,72,1,13,15,33,40,57,73,47,49,60,62,71,3,16,28,43,48,54,65,69,76,6,29,37,38,50,52,34,45,53,70,78,14,19,21,22,32,35,36,31,58,66,74,59,7,63,79,18,17,39,5,77,2,9,12,42,56,75,44,23,24,61,51,67,4,64","1,2,5,10,12,14,18,19,21,23,24,26,30,31,35,38,40,42,44,45,47,52,55,56,57,61,62,68,70,72,75,79"
6,002,"3,8,10,17,22,24,25,28,39,51,61,62,67,69,70,71,72,73,74,80","3,1,-3,9,1,1,4,-8,12,-10,1,2,7,2,12,13,-17,4,2,3,2,-22,4,-24,-25,7,1,-28,10,3,2,1,3,1,1,3,3,3,-39,3,1,2,4,1,4,2,4,4,2,2,-51,2,4,1,3,6,2,4,11,5,-61,-62,2,3,10,5,-67,2,-69,-70,-71,-72,-73,-74,1,3,11,4,8,-80","55,25,26,27,30,41,68,8,80,10,11,20,46,72,1,13,15,33,40,57,73,47,49,60,62,71,3,16,28,43,48,54,65,69,76,6,29,37,38,50,52,34,45,53,70,78,14,19,21,22,32,35,36,31,58,66,74,59,7,63,79,18,17,39,5,77,2,9,12,42,56,75,44,23,24,61,51,67,4,64","55,25,26,27,30,41,68,80,8,72,10,11,20,73,13,15,33,40,46,57,62,1,49,60,71,3,28,47,69,43,48,65,6,16,29,37,38,52,54,70,76,22,34,45,50,53,78,14,21,35,74,19,31,32,36,58,66,59,7,63,17,18,79,39,5,77,2,9,12,56,24,42,61,75,23,44,51,67,4,64","1,4,5,6,11,12,14,15,19,20,21,23,24,26,27,30,32,34,35,37,38,42,43,44,47,48,50,52,54,56,58,63,69,70,72,73,76,80"
7,003,"2,7,14,16,22,25,28,31,39,42,47,53,54,55,61,68,69,72,73,78","4,-2,1,10,2,2,-7,1,13,1,2,3,8,-14,13,-16,1,5,3,4,3,-22,5,1,-25,8,2,-28,11,4,-31,2,4,2,2,4,4,4,-39,4,2,-42,5,2,5,3,-47,5,3,3,1,3,-53,-54,-55,7,3,5,12,6,-61,1,3,4,11,6,1,-68,-69,1,1,-72,-73,1,2,4,12,-78,9,1","55,25,26,27,30,41,68,80,8,72,10,11,20,73,13,15,33,40,46,57,62,1,49,60,71,3,28,47,69,43,48,65,6,16,29,37,38,52,54,70,76,22,34,45,50,53,78,14,21,35,74,19,31,32,36,58,66,59,7,63,17,18,79,39,5,77,2,9,12,56,24,42,61,75,23,44,51,67,4,64","55,25,26,68,27,41,72,80,8,30,73,10,11,20,40,62,1,13,15,28,33,46,47,49,57,60,69,71,3,43,48,54,65,16,29,37,38,52,70,78,6,22,34,45,50,53,76,14,21,35,74,19,31,32,58,7,36,59,66,63,17,18,39,79,2,77,5,9,12,42,56,24,61,75,23,44,51,67,64,4","1,3,5,6,12,16,19,23,25,26,30,31,32,34,37,38,40,45,46,49,50,54,55,57,59,61,62,65,69,71,72,74,76,80"
8,004,"4,5,9,13,16,21,23,24,32,35,37,38,45,50,52,54,55,62,63,64","5,1,2,-4,-5,3,1,2,-9,2,3,4,-13,1,14,-16,2,6,4,5,-21,1,-23,-24,1,9,3,1,12,5,1,-32,5,3,-35,5,-37,-38,1,5,3,1,6,3,-45,4,1,6,4,-50,2,-52,1,-54,-55,8,4,6,13,7,1,-62,-63,-64,12,7,2,1,1,2,2,1,1,2,3,5,13,1,10,2","55,25,26,68,27,41,72,80,8,30,73,10,11,20,40,62,1,13,15,28,33,46,47,49,57,60,69,71,3,43,48,54,65,16,29,37,38,52,70,78,6,22,34,45,50,53,76,14,21,35,74,19,31,32,58,7,36,59,66,63,17,18,39,79,2,77,5,9,12,42,56,24,61,75,23,44,51,67,64,4","55,25,26,68,41,72,80,8,27,30,11,20,62,73,10,13,40,1,15,28,33,49,57,60,69,71,46,47,3,16,37,38,43,52,54,65,29,45,48,50,70,78,6,21,22,35,53,14,34,76,19,31,32,74,36,58,66,7,59,63,17,39,79,18,2,5,9,77,24,56,12,23,42,44,51,61,75,64,67,4","1,4,5,6,9,12,15,17,19,20,22,24,25,29,31,32,35,38,39,44,45,48,49,52,54,55,58,61,62,66,67,69,70,71,73,76,80"
9,005,"7,8,9,14,18,21,24,26,33,35,41,43,49,54,56,59,60,63,68,76","6,2,3,1,1,4,-7,-8,-9,3,4,5,1,-14,15,1,3,-18,5,6,-21,2,1,-24,2,-26,4,2,13,6,2,1,-33,4,-35,6,1,1,2,6,-41,2,-43,4,1,5,2,7,-49,1,3,1,2,-54,1,-56,5,7,-59,-60,2,1,-63,1,13,8,3,-68,2,3,3,2,2,3,4,-76,14,2,11,3","55,25,26,68,41,72,80,8,27,30,11,20,62,73,10,13,40,1,15,28,33,49,57,60,69,71,46,47,3,16,37,38,43,52,54,65,29,45,48,50,70,78,6,21,22,35,53,14,34,76,19,31,32,74,36,58,66,7,59,63,17,39,79,18,2,5,9,77,24,56,12,23,42,44,51,61,75,64,67,4","55,25,26,41,68,72,8,27,30,80,11,20,62,10,33,40,49,73,13,15,57,60,69,71,1,28,43,46,47,54,16,37,52,65,3,21,35,38,45,48,70,78,6,14,22,29,50,53,34,76,31,74,7,19,32,36,58,59,63,66,17,39,79,9,18,2,24,56,77,5,23,42,12,44,51,61,64,67,75,4","1,4,5,6,9,12,15,17,19,20,22,24,25,29,31,32,34,37,38,43,45,49,51,54,56,57,58,60,63,65,67,69,70,72,74,80"
10,006,"3,5,7,9,19,28,30,32,34,38,49,52,56,61,62,66,73,76,78,79","7,3,-3,2,-5,5,-7,1,-9,4,5,6,2,1,16,2,4,1,-19,7,1,3,2,1,3,1,5,-28,14,-30,3,-32,1,-34,1,7,2,-38,3,7,1,3,1,5,2,6,3,8,-49,2,4,-52,3,1,2,-56,6,8,1,1,-61,-62,1,2,14,-66,4,1,3,4,4,3,-73,4,5,-76,15,-78,-79,4","55,25,26,41,68,72,8,27,30,80,11,20,62,10,33,40,49,73,13,15,57,60,69,71,1,28,43,46,47,54,16,37,52,65,3,21,35,38,45,48,70,78,6,14,22,29,50,53,34,76,31,74,7,19,32,36,58,59,63,66,17,39,79,9,18,2,24,56,77,5,23,42,12,44,51,61,64,67,75,4","55,25,26,41,68,72,8,30,80,11,27,62,10,20,33,40,49,73,13,15,57,69,71,1,28,46,47,54,60,3,37,38,43,52,65,78,16,21,35,45,48,70,6,14,22,29,34,50,53,76,19,32,66,74,7,31,36,59,63,58,79,17,39,9,18,2,5,24,56,77,23,42,12,44,61,51,64,67,75,4","1,4,6,9,11,15,18,20,23,25,27,30,31,34,37,41,43,46,50,51,54,58,60,61,63,66,67,70,73,75,80"
11,007,"3,13,15,18,20,21,25,32,42,43,45,54,57,62,63,68,72,74,76,80","8,4,-3,3,1,6,1,2,1,5,6,7,-13,2,-15,3,5,-18,1,-20,-21,4,3,2,-25,2,6,1,15,1,4,-32,2,1,2,8,3,1,4,8,2,-42,-43,6,-45,7,4,9,1,3,5,1,4,-54,3,1,-57,9,2,2,1,-62,-63,3,15,1,5,-68,4,5,5,-72,1,-74,6,-76,16,1,1,-80","55,25,26,41,68,72,8,30,80,11,27,62,10,20,33,40,49,73,13,15,57,69,71,1,28,46,47,54,60,3,37,38,43,52,65,78,16,21,35,45,48,70,6,14,22,29,34,50,53,76,19,32,66,74,7,31,36,59,63,58,79,17,39,9,18,2,5,24,56,77,23,42,12,44,61,51,64,67,75,4","55,25,26,68,41,72,8,30,80,11,20,27,62,10,15,40,49,57,73,13,33,69,1,3,46,54,60,71,21,28,37,38,43,45,47,52,78,16,35,48,65,70,6,29,34,50,53,76,14,22,32,74,19,63,66,7,31,59,36,58,17,18,39,79,9,2,5,24,56,77,42,23,44,61,12,64,67,75,4,51","1,4,6,9,12,14,18,19,20,23,25,27,28,32,34,35,38,39,40,44,50,52,57,59,60,63,68,72,74,77,80"
12,008,"2,4,15,20,21,23,24,34,47,50,51,52,57,58,60,61,66,71,77,79","9,-2,1,-4,2,7,2,3,2,6,7,8,1,3,-15,4,6,1,2,-20,-21,5,-23,-24,1,3,7,2,16,2,5,1,3,-34,3,9,4,2,5,9,3,1,1,7,1,8,-47,10,2,-50,-51,-52,5,1,4,2,-57,-58,3,-60,-61,1,1,4,16,-66,6,1,5,6,-71,1,2,1,7,1,-77,2,-79,1","55,25,26,68,41,72,8,30,80,11,20,27,62,10,15,40,49,57,73,13,33,69,1,3,46,54,60,71,21,28,37,38,43,45,47,52,78,16,35,48,65,70,6,29,34,50,53,76,14,22,32,74,19,63,66,7,31,59,36,58,17,18,39,79,9,2,5,24,56,77,42,23,44,61,12,64,67,75,4,51","55,25,26,68,41,72,8,20,30,57,80,10,11,15,27,40,49,62,73,13,33,1,3,21,46,52,54,60,69,71,28,38,43,45,47,78,16,34,35,37,48,70,6,29,50,53,65,76,14,22,66,74,19,32,63,7,58,59,31,79,18,36,39,2,9,17,24,77,5,56,23,42,61,44,4,12,51,64,67,75","1,3,4,7,10,12,13,18,19,20,23,26,27,28,30,32,33,36,38,42,43,48,51,54,57,58,61,64,67,68,72,75,76,80"
13,009,"3,4,8,17,18,31,34,37,42,46,47,55,56,61,65,70,74,75,76,80","10,1,-3,-4,3,8,3,-8,3,7,8,9,2,4,1,5,-17,-18,3,1,1,6,1,1,2,4,8,3,17,3,-31,2,4,-34,4,10,-37,3,6,10,4,-42,2,8,2,-46,-47,11,3,1,1,1,6,2,-55,-56,1,1,4,1,-61,2,2,5,-65,1,7,2,6,-70,1,2,3,-74,-75,-76,1,3,1,-80","55,25,26,68,41,72,8,20,30,57,80,10,11,15,27,40,49,62,73,13,33,1,3,21,46,52,54,60,69,71,28,38,43,45,47,78,16,34,35,37,48,70,6,29,50,53,65,76,14,22,66,74,19,32,63,7,58,59,31,79,18,36,39,2,9,17,24,77,5,56,23,42,61,44,4,12,51,64,67,75","55,25,26,68,8,41,20,72,30,80,10,11,15,40,49,57,62,73,3,13,27,33,21,46,54,71,1,28,34,37,38,43,47,52,60,69,70,78,16,45,48,65,76,6,29,35,50,53,74,14,22,66,32,63,7,19,58,59,18,31,79,36,39,2,9,17,24,56,77,5,23,42,61,44,75,4,12,51,64,67","1,2,4,7,9,10,11,14,17,18,20,22,25,27,29,31,33,34,37,41,43,44,46,49,50,53,55,57,58,60,62,64,65,68,70,71,74,75,77,80"
14,010,"6,7,13,16,19,27,33,37,39,42,43,44,55,59,62,64,65,67,76,80","11,2,1,1,4,-6,-7,1,4,8,9,10,-13,5,2,-16,1,1,-19,2,2,7,2,2,3,5,-27,4,18,4,1,3,-33,1,5,11,-37,4,-39,11,5,-42,-43,-44,3,1,1,12,4,2,2,2,7,3,-55,1,2,2,-59,2,1,-62,3,-64,-65,2,-67,3,7,1,2,3,4,1,1,-76,2,4,2,-80","55,25,26,68,8,41,20,72,30,80,10,11,15,40,49,57,62,73,3,13,27,33,21,46,54,71,1,28,34,37,38,43,47,52,60,69,70,78,16,45,48,65,76,6,29,35,50,53,74,14,22,66,32,63,7,19,58,59,18,31,79,36,39,2,9,17,24,56,77,5,23,42,61,44,75,4,12,51,64,67","55,25,26,68,8,20,41,72,30,62,80,10,13,15,27,33,40,49,57,3,11,73,43,46,54,71,1,16,21,34,37,38,52,60,65,70,76,78,6,28,45,47,48,69,53,74,22,29,35,50,66,7,14,19,32,63,58,59,18,31,39,79,36,2,9,17,24,77,5,56,23,42,61,44,64,4,12,51,67,75","1,3,4,7,8,11,14,17,18,20,22,23,27,30,33,35,36,38,40,42,43,46,49,50,54,55,56,58,59,60,61,63,65,66,69,70,73,74,75,78,80"
15,011,"1,3,12,16,22,25,27,30,32,49,52,56,59,61,62,63,66,68,69,79","-1,3,-3,2,5,1,1,2,5,9,10,-12,1,6,3,-16,2,2,1,3,3,-22,3,3,-25,6,-27,5,19,-30,2,-32,1,2,6,12,1,5,1,12,6,1,1,1,4,2,2,13,-49,3,3,-52,8,4,1,-56,3,3,-59,3,-61,-62,-63,1,1,-66,1,-68,-69,2,3,4,5,2,2,1,3,5,-79,1","55,25,26,68,8,20,41,72,30,62,80,10,13,15,27,33,40,49,57,3,11,73,43,46,54,71,1,16,21,34,37,38,52,60,65,70,76,78,6,28,45,47,48,69,53,74,22,29,35,50,66,7,14,19,32,63,58,59,18,31,39,79,36,2,9,17,24,77,5,56,23,42,61,44,64,4,12,51,67,75","55,25,68,26,30,41,62,72,8,20,27,80,10,33,40,49,57,3,13,15,73,11,16,43,52,54,1,21,34,38,46,65,69,70,71,76,78,6,28,37,45,47,48,60,22,53,74,32,50,63,66,7,14,19,29,35,58,59,79,18,31,39,36,9,17,24,56,77,2,5,23,42,61,12,44,4,51,64,67,75","1,3,4,8,12,14,17,19,20,22,23,26,27,30,32,35,37,42,43,45,49,53,56,58,59,60,61,64,65,69,70,74,78,80"
16,012,"4,11,12,15,16,20,21,26,27,28,30,32,33,41,53,60,62,64,65,76","1,4,1,-4,6,2,2,3,6,10,-11,-12,2,7,-15,-16,3,3,2,-20,-21,1,4,4,1,-26,-27,-28,20,-30,3,-32,-33,3,7,13,2,6,2,13,-41,2,2,2,5,3,3,14,1,4,4,1,-53,5,2,1,4,4,1,-60,1,-62,1,-64,-65,1,2,1,1,3,4,5,6,3,3,-76,4,6,1,2","55,25,68,26,30,41,62,72,8,20,27,80,10,33,40,49,57,3,13,15,73,11,16,43,52,54,1,21,34,38,46,65,69,70,71,76,78,6,28,37,45,47,48,60,22,53,74,32,50,63,66,7,14,19,29,35,58,59,79,18,31,39,36,9,17,24,56,77,2,5,23,42,61,12,44,4,51,64,67,75","55,25,68,26,30,41,62,20,27,72,33,80,8,10,15,40,49,11,13,16,57,73,3,21,43,52,54,76,1,28,34,46,60,65,69,70,6,37,38,47,48,71,78,22,32,45,53,50,63,66,74,14,29,35,7,19,58,79,18,59,31,36,39,9,17,24,77,2,5,56,12,23,42,61,44,64,4,67,75,51","1,2,4,9,12,15,17,19,20,21,22,26,27,30,31,34,35,38,42,44,46,50,51,55,57,59,60,61,63,64,66,68,73,74,77,80"
17,013,"1,5,9,10,11,12,14,15,16,22,28,32,37,41,44,64,72,77,78,80","-1,5,2,1,-5,3,3,4,-9,-10,-11,-12,3,-14,-15,-16,4,4,3,1,1,-22,5,5,2,1,1,-28,21,1,4,-32,1,4,8,14,-37,7,3,14,-41,3,3,-44,6,4,4,15,2,5,5,2,1,6,3,2,5,5,2,1,2,1,2,-64,1,2,3,2,2,4,5,-72,7,4,4,1,-77,-78,2,-80","55,25,68,26,30,41,62,20,27,72,33,80,8,10,15,40,49,11,13,16,57,73,3,21,43,52,54,76,1,28,34,46,60,65,69,70,6,37,38,47,48,71,78,22,32,45,53,50,63,66,74,14,29,35,7,19,58,79,18,59,31,36,39,9,17,24,77,2,5,56,12,23,42,61,44,64,4,67,75,51","55,25,68,26,30,41,62,72,20,10,15,27,33,80,8,11,49,16,40,73,1,3,13,21,28,43,52,54,57,37,46,65,69,76,78,32,34,38,47,48,60,70,6,22,45,53,71,14,50,63,66,74,29,35,7,19,58,18,59,79,9,36,39,77,5,17,24,31,2,56,12,42,44,61,64,23,4,75,51,67","1,2,4,8,9,12,14,15,16,19,20,21,23,26,28,30,31,34,36,41,46,51,52,55,58,60,61,64,65,67,73,74,75,78,80"
18,014,"6,12,13,14,18,24,28,29,30,34,38,43,49,52,59,60,64,74,78,80","1,6,3,2,1,-6,4,5,1,1,1,-12,-13,-14,1,1,5,-18,4,2,2,1,6,-24,3,2,2,-28,-29,-30,5,1,2,-34,9,15,1,-38,4,15,1,4,-43,1,7,5,5,16,-49,6,6,-52,2,7,4,3,6,6,-59,-60,3,2,3,-64,2,3,4,3,3,5,6,1,8,-74,5,2,1,-78,3,-80","55,25,68,26,30,41,62,72,20,10,15,27,33,80,8,11,49,16,40,73,1,3,13,21,28,43,52,54,57,37,46,65,69,76,78,32,34,38,47,48,60,70,6,22,45,53,71,14,50,63,66,74,29,35,7,19,58,18,59,79,9,36,39,77,5,17,24,31,2,56,12,42,44,61,64,23,4,75,51,67","55,25,68,26,30,41,62,72,20,80,10,15,27,33,49,11,8,13,16,28,43,52,73,1,21,40,54,57,78,3,34,38,46,60,65,76,37,47,48,69,70,6,14,22,32,45,53,71,74,50,29,35,63,66,7,58,59,18,19,79,9,24,36,5,17,39,77,2,12,31,56,64,61,23,42,44,4,75,51,67","1,3,6,8,12,14,18,19,20,22,24,26,29,31,34,37,40,44,45,51,53,56,59,61,63,64,65,66,70,72,76,77,79,80"
19,015,"2,8,9,11,14,17,18,19,27,29,31,34,36,41,55,60,64,70,72,79","2,-2,4,3,2,1,5,-8,-9,2,-11,1,1,-14,2,2,-17,-18,-19,3,3,2,7,1,4,3,-27,1,-29,1,-31,2,3,-34,10,-36,2,1,5,16,-41,5,1,2,8,6,6,17,1,7,7,1,3,8,-55,4,7,7,1,-60,4,3,4,-64,3,4,5,4,4,-70,7,-72,9,1,6,3,2,1,-79,1","55,25,68,26,30,41,62,72,20,80,10,15,27,33,49,11,8,13,16,28,43,52,73,1,21,40,54,57,78,3,34,38,46,60,65,76,37,47,48,69,70,6,14,22,32,45,53,71,74,50,29,35,63,66,7,58,59,18,19,79,9,24,36,5,17,39,77,2,12,31,56,64,61,23,42,44,4,75,51,67","55,25,41,68,30,62,72,20,26,27,80,10,11,15,8,33,49,43,13,16,21,28,40,52,57,60,73,78,1,3,34,38,46,54,65,70,76,14,37,47,69,6,32,45,48,53,71,74,22,29,35,50,63,7,19,58,59,66,79,9,18,36,17,24,2,5,31,39,77,12,64,56,61,23,42,44,75,4,67,51","1,3,4,8,10,11,13,16,17,19,21,22,24,28,29,32,36,37,39,43,44,48,51,53,55,59,60,63,66,67,70,72,76,78,79,80"
20,016,"4,19,24,27,28,35,36,38,39,45,50,56,58,59,60,61,64,66,73,78","3,1,5,-4,3,2,6,1,1,3,1,2,2,1,3,3,1,1,-19,4,4,3,8,-24,5,4,-27,-28,1,2,1,3,4,1,-35,-36,3,-38,-39,17,1,6,2,3,-45,7,7,18,2,-50,8,2,4,9,1,-56,8,-58,-59,-60,-61,4,5,-64,4,-66,6,5,5,1,8,1,-73,2,7,4,3,-78,1,2","55,25,41,68,30,62,72,20,26,27,80,10,11,15,8,33,49,43,13,16,21,28,40,52,57,60,73,78,1,3,34,38,46,54,65,70,76,14,37,47,69,6,32,45,48,53,71,74,22,29,35,50,63,7,19,58,59,66,79,9,18,36,17,24,2,5,31,39,77,12,64,56,61,23,42,44,75,4,67,51","55,25,41,62,68,26,27,30,72,10,11,15,20,80,8,49,28,33,43,60,73,78,16,21,38,40,52,57,1,3,13,46,54,65,76,14,34,37,45,69,70,6,32,47,48,53,50,71,74,19,22,29,35,58,59,66,63,79,7,9,18,24,36,17,39,2,5,31,64,77,12,56,61,23,42,44,4,67,75,51","1,2,4,7,12,14,15,17,19,20,22,25,30,32,33,35,37,40,44,49,51,52,56,59,61,62,63,65,66,70,71,75,77,79,80"
21,017,"11,15,28,33,36,37,38,46,47,50,51,52,61,62,63,67,68,71,73,80","4,2,6,1,4,3,7,2,2,4,-11,3,3,2,-15,4,2,2,1,5,5,4,9,1,6,5,1,-28,2,3,2,4,-33,2,1,-36,-37,-38,1,18,2,7,3,4,1,-46,-47,19,3,-50,-51,-52,5,10,2,1,9,1,1,1,-61,-62,-63,1,5,1,-67,-68,6,2,-71,2,-73,3,8,5,4,1,2,-80","55,25,41,62,68,26,27,30,72,10,11,15,20,80,8,49,28,33,43,60,73,78,16,21,38,40,52,57,1,3,13,46,54,65,76,14,34,37,45,69,70,6,32,47,48,53,50,71,74,19,22,29,35,58,59,66,63,79,7,9,18,24,36,17,39,2,5,31,64,77,12,56,61,23,42,44,4,67,75,51","55,25,41,62,68,11,15,30,72,80,10,20,26,27,8,33,49,73,28,43,52,16,21,38,40,57,60,78,1,3,46,54,65,13,34,37,45,69,70,76,6,14,32,47,50,53,48,71,19,22,35,58,59,63,66,74,29,36,79,7,9,18,17,24,39,2,5,77,31,56,61,64,12,23,42,44,4,67,51,75","1,2,6,7,9,11,14,15,17,21,25,28,29,32,33,36,40,41,48,50,52,56,58,61,62,63,65,69,74,77,78,80"
22,018,"11,12,14,15,18,21,22,23,29,32,33,35,40,41,55,65,69,74,75,78","5,3,7,2,5,4,8,3,3,5,-11,-12,4,-14,-15,5,3,-18,2,6,-21,-22,-23,2,7,6,2,1,-29,4,3,-32,-33,3,-35,1,1,1,2,-40,-41,8,4,5,2,1,1,20,4,1,1,1,6,11,-55,2,10,2,2,2,1,1,1,2,-65,2,1,1,-69,3,1,3,1,-74,-75,6,5,-78,3,1","55,25,41,62,68,11,15,30,72,80,10,20,26,27,8,33,49,73,28,43,52,16,21,38,40,57,60,78,1,3,46,54,65,13,34,37,45,69,70,76,6,14,32,47,50,53,48,71,19,22,35,58,59,63,66,74,29,36,79,7,9,18,17,24,39,2,5,77,31,56,61,64,12,23,42,44,4,67,51,75","55,25,41,68,11,15,62,30,72,10,20,26,27,33,80,8,49,21,40,52,73,78,16,28,43,57,60,65,1,38,46,54,69,3,32,37,45,76,13,14,34,50,53,70,6,22,35,47,48,71,29,59,63,66,74,18,19,36,58,79,7,9,24,39,2,5,17,77,12,31,56,61,64,23,42,44,4,67,75,51","1,3,6,8,10,13,15,16,20,21,24,26,27,29,30,32,33,35,38,39,43,45,48,49,52,54,59,61,62,65,66,69,75,77,78,80"
23,019,"16,20,21,23,24,37,48,51,52,53,54,59,60,62,66,68,75,76,77,78","6,4,8,3,6,5,9,4,4,6,1,1,5,1,1,-16,4,1,3,-20,-21,1,-23,-24,8,7,3,2,1,5,4,1,1,4,1,2,-37,2,3,1,1,9,5,6,3,2,2,-48,5,2,-51,-52,-53,-54,1,3,11,3,-59,-60,2,-62,2,3,1,-66,2,-68,1,4,2,4,2,1,-75,-76,-77,-78,4,2","55,25,41,68,11,15,62,30,72,10,20,26,27,33,80,8,49,21,40,52,73,78,16,28,43,57,60,65,1,38,46,54,69,3,32,37,45,76,13,14,34,50,53,70,6,22,35,47,48,71,29,59,63,66,74,18,19,36,58,79,7,9,24,39,2,5,17,77,12,31,56,61,64,23,42,44,4,67,75,51","55,25,68,41,11,15,62,30,72,10,20,26,27,33,8,49,78,80,21,52,60,73,16,28,40,43,54,57,1,37,38,46,65,69,3,32,45,53,76,14,34,48,50,70,6,13,22,35,59,71,29,47,63,66,74,18,36,79,19,24,58,7,9,39,77,2,5,17,56,61,64,12,31,23,44,75,4,42,51,67","1,5,8,9,11,12,15,16,17,18,21,23,26,28,30,33,34,37,38,40,44,46,49,51,52,54,60,61,65,66,69,70,75,77,78,80"
24,020,"7,13,18,22,24,30,32,33,37,43,47,48,52,62,63,67,69,73,78,79","7,5,9,4,7,6,-7,5,5,7,2,2,-13,2,2,1,5,-18,4,1,1,-22,1,-24,9,8,4,3,2,-30,5,-32,-33,5,2,3,-37,3,4,2,2,10,-43,7,4,3,-47,-48,6,3,1,-52,1,1,2,4,12,4,1,1,3,-62,-63,4,2,1,-67,1,-69,5,3,5,-73,2,1,1,1,-78,-79,3","55,25,68,41,11,15,62,30,72,10,20,26,27,33,8,49,78,80,21,52,60,73,16,28,40,43,54,57,1,37,38,46,65,69,3,32,45,53,76,14,34,48,50,70,6,13,22,35,59,71,29,47,63,66,74,18,36,79,19,24,58,7,9,39,77,2,5,17,56,61,64,12,31,23,44,75,4,42,51,67","55,25,41,62,68,11,15,30,33,72,10,26,78,8,20,27,49,73,80,43,52,60,21,28,54,69,16,37,40,46,57,65,1,3,32,38,45,48,53,76,13,14,22,34,70,6,35,47,50,59,63,71,18,29,74,24,66,79,7,19,36,58,39,77,2,5,9,17,56,61,64,12,31,23,44,67,4,42,51,75","1,6,8,11,12,14,18,21,23,25,27,28,31,34,37,41,42,45,52,54,59,60,62,65,66,67,69,71,76,77,78,80"
25,021,"4,5,6,9,10,11,14,19,21,31,34,43,45,48,51,53,56,60,65,70","8,6,10,-4,-5,-6,1,6,-9,-10,-11,3,1,-14,3,2,6,1,-19,2,-21,1,2,1,10,9,5,4,3,1,-31,1,1,-34,3,4,1,4,5,3,3,11,-43,8,-45,4,1,-48,7,4,-51,1,-53,2,3,-56,13,5,2,-60,4,1,1,5,-65,2,1,2,1,-70,4,6,1,3,2,2,2,1,1,4","55,25,41,62,68,11,15,30,33,72,10,26,78,8,20,27,49,73,80,43,52,60,21,28,54,69,16,37,40,46,57,65,1,3,32,38,45,48,53,76,13,14,22,34,70,6,35,47,50,59,63,71,18,29,74,24,66,79,7,19,36,58,39,77,2,5,9,17,56,61,64,12,31,23,44,67,4,42,51,75","55,25,11,41,62,68,10,15,30,72,33,78,20,26,27,43,49,60,73,80,8,21,28,52,65,69,16,37,40,46,48,53,54,57,1,14,32,38,45,76,3,6,13,22,34,70,47,50,59,63,71,29,35,18,19,24,66,74,79,7,36,58,5,9,39,77,2,17,31,56,61,64,12,4,67,23,42,44,51,75","1,6,7,9,11,12,13,16,17,18,19,20,22,24,25,27,29,30,33,37,38,40,41,44,47,49,50,53,57,58,60,63,65,67,69,71,74,76,78,80"
26,022,"2,9,10,11,15,16,17,18,28,33,35,43,54,55,60,61,63,65,68,73","9,-2,11,1,1,1,2,7,-9,-10,-11,4,2,1,-15,-16,-17,-18,1,3,1,2,3,2,11,10,6,-28,4,2,1,2,-33,1,-35,5,2,5,6,4,4,12,-43,9,1,5,2,1,8,5,1,2,1,-54,-55,1,14,6,3,-60,-61,2,-63,6,-65,3,2,-68,2,1,5,7,-73,4,3,3,3,2,2,5","55,25,11,41,62,68,10,15,30,72,33,78,20,26,27,43,49,60,73,80,8,21,28,52,65,69,16,37,40,46,48,53,54,57,1,14,32,38,45,76,3,6,13,22,34,70,47,50,59,63,71,29,35,18,19,24,66,74,79,7,36,58,5,9,39,77,2,17,31,56,61,64,12,4,67,23,42,44,51,75","55,25,11,62,10,15,41,68,30,33,72,43,73,20,26,27,49,60,78,80,8,21,28,65,16,54,37,48,52,57,69,14,32,40,46,53,76,1,3,6,34,38,45,63,13,22,35,47,50,59,70,18,29,71,19,24,74,79,9,36,58,66,2,5,7,39,77,17,61,31,56,64,12,4,67,42,44,51,75,23","1,6,7,8,11,12,13,16,17,18,19,20,22,25,27,30,31,33,38,39,41,45,46,48,50,52,54,56,58,61,64,65,67,69,72,74,76,78,80"
27,023,"9,13,17,27,28,31,36,39,42,45,50,55,57,61,67,68,73,74,75,79","10,1,12,2,2,2,3,8,-9,1,1,5,-13,2,1,1,-17,1,2,4,2,3,4,3,12,11,-27,-28,5,3,-31,3,1,2,1,-36,3,6,-39,5,5,-42,1,10,-45,6,3,2,9,-50,2,3,2,1,-55,2,-57,7,4,1,-61,3,1,7,1,4,-67,-68,3,2,6,8,-73,-74,-75,4,4,3,-79,6","55,25,11,62,10,15,41,68,30,33,72,43,73,20,26,27,49,60,78,80,8,21,28,65,16,54,37,48,52,57,69,14,32,40,46,53,76,1,3,6,34,38,45,63,13,22,35,47,50,59,70,18,29,71,19,24,74,79,9,36,58,66,2,5,7,39,77,17,61,31,56,64,12,4,67,42,44,51,75,23","55,25,11,68,10,15,41,62,30,33,72,73,43,20,26,27,28,80,8,21,49,60,65,78,16,54,57,52,69,14,32,37,40,45,48,53,76,1,6,13,34,46,50,3,22,35,38,47,63,70,29,59,71,74,79,9,18,24,36,19,58,66,2,7,17,39,61,5,31,77,56,64,67,12,42,4,44,51,75,23","3,7,8,11,12,13,16,18,22,25,27,28,30,33,35,38,39,41,45,46,48,49,50,52,55,56,60,61,63,65,68,69,72,74,76,78,80"
28,024,"3,8,16,19,22,25,28,35,36,37,49,50,52,54,57,58,64,67,71,73","11,2,-3,3,3,3,4,-8,1,2,2,6,1,3,2,-16,1,2,-19,5,3,-22,5,4,-25,12,1,-28,6,4,1,4,2,3,-35,-36,-37,7,1,6,6,1,2,11,1,7,4,3,-49,-50,3,-52,3,-54,1,3,-57,-58,5,2,1,4,2,-64,2,5,-67,1,4,3,-71,9,-73,1,1,5,5,4,1,7","55,25,11,68,10,15,41,62,30,33,72,73,43,20,26,27,28,80,8,21,49,60,65,78,16,54,57,52,69,14,32,37,40,45,48,53,76,1,6,13,34,46,50,3,22,35,38,47,63,70,29,59,71,74,79,9,18,24,36,19,58,66,2,7,17,39,61,5,31,77,56,64,67,12,42,4,44,51,75,23","55,25,11,41,62,68,73,10,15,33,72,28,30,43,8,26,27,49,80,20,21,57,65,78,16,52,54,60,69,14,32,37,40,45,53,76,6,13,22,34,35,46,48,50,1,3,38,47,63,70,71,29,36,59,74,79,18,19,24,58,9,66,2,7,17,39,61,5,77,31,56,64,67,12,42,4,44,23,51,75","2,6,9,11,12,14,15,18,20,22,26,27,29,34,38,39,41,44,45,46,48,51,54,56,58,60,61,63,64,65,68,69,72,73,75,76,80"
29,025,"2,3,4,6,8,13,17,20,21,25,26,29,34,40,47,49,51,58,59,69","12,-2,-3,-4,4,-6,5,-8,2,3,3,7,-13,4,3,1,-17,3,1,-20,-21,1,6,5,-25,-26,2,1,-29,5,2,5,3,-34,1,1,1,8,2,-40,7,2,3,12,2,8,-47,4,-49,1,-51,1,4,1,2,4,1,-58,-59,3,2,5,3,1,3,6,1,2,-69,4,1,10,1,2,2,6,6,5,2,8","55,25,11,41,62,68,73,10,15,33,72,28,30,43,8,26,27,49,80,20,21,57,65,78,16,52,54,60,69,14,32,37,40,45,53,76,6,13,22,34,35,46,48,50,1,3,38,47,63,70,71,29,36,59,74,79,18,19,24,58,9,66,2,7,17,39,61,5,77,31,56,64,67,12,42,4,44,23,51,75","55,25,11,62,73,10,33,41,68,8,15,28,30,43,49,72,20,21,26,27,80,65,16,52,54,57,60,69,78,6,13,14,32,34,37,40,45,53,76,3,22,35,46,50,38,47,48,59,63,70,1,29,36,58,71,74,79,18,9,17,19,24,2,7,39,61,66,5,77,31,64,56,67,4,12,42,44,23,51,75","4,5,6,8,10,11,12,13,15,16,19,20,23,24,27,29,32,33,38,41,43,44,47,51,53,56,57,60,62,63,65,66,68,70,73,75,77,79,80"
30,026,"2,6,14,17,21,22,26,34,35,36,48,51,52,58,60,62,71,73,75,76","13,-2,1,1,5,-6,6,1,3,4,4,8,1,-14,4,2,-17,4,2,1,-21,-22,7,6,1,-26,3,2,1,6,3,6,4,-34,-35,-36,2,9,3,1,8,3,4,13,3,9,1,-48,1,2,-51,-52,5,2,3,5,2,-58,1,-60,3,-62,4,2,4,7,2,3,1,5,-71,11,-73,3,-75,-76,7,6,3,9","55,25,11,62,73,10,33,41,68,8,15,28,30,43,49,72,20,21,26,27,80,65,16,52,54,57,60,69,78,6,13,14,32,34,37,40,45,53,76,3,22,35,46,50,38,47,48,59,63,70,1,29,36,58,71,74,79,18,9,17,19,24,2,7,39,61,66,5,77,31,64,56,67,4,12,42,44,23,51,75","55,25,11,62,73,10,41,68,8,15,21,28,30,33,43,20,26,27,49,72,52,60,80,16,54,57,65,78,14,69,6,13,22,34,37,40,45,53,76,32,35,48,50,3,38,46,47,58,63,70,71,1,29,36,59,74,79,17,18,19,24,2,7,9,61,66,39,77,5,31,64,56,67,4,12,42,44,51,75,23","1,4,6,7,8,10,11,14,15,16,19,22,23,25,29,32,33,36,38,39,42,43,47,51,52,53,55,56,58,60,63,65,66,69,73,74,77,78"
31,027,"1,4,7,14,18,26,28,37,38,49,51,58,61,62,64,67,71,75,76,79","-1,1,2,-4,6,1,-7,2,4,5,5,9,2,-14,5,3,1,-18,3,2,1,1,8,7,2,-26,4,-28,2,7,4,7,5,1,1,1,-37,-38,4,2,9,4,5,14,4,10,2,1,-49,3,-51,1,6,3,4,6,3,-58,2,1,-61,-62,5,-64,5,8,-67,4,2,6,-71,12,1,4,-75,-76,8,7,-79,10","55,25,11,62,73,10,41,68,8,15,21,28,30,33,43,20,26,27,49,72,52,60,80,16,54,57,65,78,14,69,6,13,22,34,37,40,45,53,76,32,35,48,50,3,38,46,47,58,63,70,71,1,29,36,59,74,79,17,18,19,24,2,7,9,61,66,39,77,5,31,64,56,67,4,12,42,44,51,75,23","55,11,25,62,73,10,28,68,8,15,21,26,30,33,41,43,49,72,20,27,60,80,14,16,52,57,65,37,54,69,76,78,6,22,40,45,53,13,32,34,35,48,50,58,71,1,38,46,47,63,70,3,18,29,59,74,79,17,36,7,19,24,61,2,9,66,5,31,39,64,77,56,67,4,12,51,75,42,44,23","1,2,5,6,9,12,14,15,18,19,22,23,25,29,30,33,38,40,43,44,47,50,52,53,56,57,60,61,62,64,65,66,69,72,74,76,79"
32,028,"9,11,14,16,17,20,28,30,32,33,46,51,54,57,58,62,66,68,71,74","1,2,3,1,7,2,1,3,-9,6,-11,10,3,-14,6,-16,-17,1,4,-20,2,2,9,8,3,1,5,-28,3,-30,5,-32,-33,2,2,2,1,1,5,3,10,5,6,15,5,-46,3,2,1,4,-51,2,7,-54,5,7,-57,-58,3,2,1,-62,6,1,6,-66,1,-68,3,7,-71,13,2,-74,1,1,9,8,1,11","55,11,25,62,73,10,28,68,8,15,21,26,30,33,41,43,49,72,20,27,60,80,14,16,52,57,65,37,54,69,76,78,6,22,40,45,53,13,32,34,35,48,50,58,71,1,38,46,47,63,70,3,18,29,59,74,79,17,36,7,19,24,61,2,9,66,5,31,39,64,77,56,67,4,12,51,75,42,44,23","55,62,11,25,73,28,68,10,30,33,8,15,41,43,49,20,21,26,27,57,60,72,80,14,16,52,54,37,65,78,6,32,53,69,71,76,22,34,35,40,45,46,48,50,58,1,13,38,47,63,70,74,3,17,18,29,59,79,36,7,9,19,24,61,66,2,5,31,39,64,77,56,67,4,51,75,12,42,44,23","1,4,7,8,12,14,15,18,20,22,24,25,29,31,36,39,40,45,49,53,55,59,62,64,66,68,71,74,75,78"
33,029,"1,4,11,15,19,27,29,31,33,39,43,45,52,58,65,67,69,73,75,77","-1,3,4,-4,8,3,2,4,1,7,-11,11,4,1,-15,1,1,2,-19,1,3,3,10,9,4,2,-27,1,-29,1,-31,1,-33,3,3,3,2,2,-39,4,11,6,-43,16,-45,1,4,3,2,5,1,-52,8,1,6,8,1,-58,4,3,2,1,7,2,-65,1,-67,1,-69,8,1,14,-73,1,-75,2,-77,9,2,12","55,62,11,25,73,28,68,10,30,33,8,15,41,43,49,20,21,26,27,57,60,72,80,14,16,52,54,37,65,78,6,32,53,69,71,76,22,34,35,40,45,46,48,50,58,1,13,38,47,63,70,74,3,17,18,29,59,79,36,7,9,19,24,61,66,2,5,31,39,64,77,56,67,4,51,75,12,42,44,23","55,62,11,73,25,28,33,68,15,30,10,41,43,49,8,21,26,27,20,52,57,72,16,60,80,14,37,54,65,69,78,6,32,45,53,58,71,76,34,35,40,46,48,1,13,22,50,63,70,3,17,18,29,38,47,74,79,19,36,59,7,9,24,61,2,66,31,39,77,5,64,67,4,56,75,51,12,42,44,23","3,6,7,9,11,15,16,18,21,22,24,28,29,33,35,37,39,44,50,54,55,56,59,62,63,66,68,71,73,75,77,78"
34,030,"2,8,12,13,14,16,23,31,37,39,44,46,50,54,55,59,61,69,70,73","1,-2,5,1,9,4,3,-8,2,8,1,-12,-13,-14,1,-16,2,3,1,2,4,4,-23,10,5,3,1,2,1,2,-31,2,1,4,4,4,-37,3,-39,5,12,7,1,-44,1,-46,5,4,3,-50,2,1,9,-54,-55,9,2,1,-59,4,-61,2,8,3,1,2,1,2,-69,-70,2,15,-73,2,1,3,1,10,3,13","55,62,11,73,25,28,33,68,15,30,10,41,43,49,8,21,26,27,20,52,57,72,16,60,80,14,37,54,65,69,78,6,32,45,53,58,71,76,34,35,40,46,48,1,13,22,50,63,70,3,17,18,29,38,47,74,79,19,36,59,7,9,24,61,2,66,31,39,77,5,64,67,4,56,75,51,12,42,44,23","55,62,73,11,25,28,33,68,15,30,41,49,8,10,21,27,43,16,20,26,52,57,72,14,37,54,60,65,69,80,6,45,58,71,78,32,34,35,40,46,50,53,70,76,1,13,22,48,63,17,18,29,47,59,74,79,3,36,38,61,7,9,19,24,2,31,66,39,77,5,64,67,4,56,75,44,51,12,23,42","2,3,4,7,8,10,11,14,15,17,19,22,24,27,30,35,37,39,43,44,49,52,54,55,58,60,63,64,65,66,68,70,72,74,76,77"
35,031,"8,10,15,22,25,26,35,42,43,45,47,52,56,57,62,63,72,76,78,80","2,1,6,2,10,5,4,-8,3,-10,2,1,1,1,-15,1,3,4,2,3,5,-22,1,11,-25,-26,2,3,2,3,1,3,2,5,-35,5,1,4,1,6,13,-42,-43,1,-45,1,-47,5,4,1,3,-52,10,1,1,-56,-57,2,1,5,1,-62,-63,4,2,3,2,3,1,1,3,-72,1,3,2,-76,2,-78,4,-80","55,62,73,11,25,28,33,68,15,30,41,49,8,10,21,27,43,16,20,26,52,57,72,14,37,54,60,65,69,80,6,45,58,71,78,32,34,35,40,46,50,53,70,76,1,13,22,48,63,17,18,29,47,59,74,79,3,36,38,61,7,9,19,24,2,31,66,39,77,5,64,67,4,56,75,44,51,12,23,42","55,62,73,11,25,15,28,33,68,10,30,41,43,8,21,26,27,49,52,57,72,16,20,14,37,54,60,65,69,78,80,6,45,58,71,22,32,34,35,40,46,50,53,63,70,76,13,47,48,1,18,29,74,79,3,17,36,38,59,61,9,19,2,7,24,66,31,39,5,64,77,56,67,4,42,44,51,75,12,23","2,3,6,7,9,10,11,13,16,21,23,26,27,28,30,33,37,39,40,41,45,53,54,56,58,60,61,64,65,66,69,72,73,75,78,79"
36,032,"2,4,9,22,24,26,27,28,31,34,36,39,43,44,53,55,59,62,65,70","3,-2,7,-4,11,6,5,1,-9,1,3,2,2,2,1,2,4,5,3,4,6,-22,2,-24,1,-26,-27,-28,3,4,-31,4,3,-34,1,-36,2,5,-39,7,14,1,-43,-44,1,2,1,6,5,2,4,1,-53,2,-55,1,1,3,-59,6,2,-62,1,5,-65,4,3,4,2,-70,4,1,2,4,3,1,3,1,5,1","55,62,73,11,25,15,28,33,68,10,30,41,43,8,21,26,27,49,52,57,72,16,20,14,37,54,60,65,69,78,80,6,45,58,71,22,32,34,35,40,46,50,53,63,70,76,13,47,48,1,18,29,74,79,3,17,36,38,59,61,9,19,2,7,24,66,31,39,5,64,77,56,67,4,42,44,51,75,12,23","55,62,73,11,25,28,33,68,15,43,10,26,27,8,21,30,41,49,72,20,52,57,14,16,37,65,60,69,78,80,6,22,34,54,70,71,32,35,40,45,46,50,53,58,76,13,48,63,36,47,59,74,79,1,9,17,18,29,61,2,3,19,24,38,7,31,39,66,64,77,5,56,67,4,44,42,51,75,23,12","3,6,8,9,10,11,14,16,18,22,25,26,29,31,33,37,39,41,42,44,47,50,51,55,58,62,64,67,68,71,74,75,77,78"
37,033,"2,3,8,10,16,19,20,21,29,30,33,34,36,48,53,54,55,58,59,76","4,-2,-3,1,12,7,6,-8,1,-10,4,3,3,3,2,-16,5,6,-19,-20,-21,1,3,1,2,1,1,1,-29,-30,1,5,-33,-34,2,-36,3,6,1,8,15,2,1,1,2,3,2,-48,6,3,5,2,-53,-54,-55,2,2,-58,-59,7,3,1,2,6,1,5,4,5,3,1,5,2,3,5,4,-76,4,2,6,2","55,62,73,11,25,28,33,68,15,43,10,26,27,8,21,30,41,49,72,20,52,57,14,16,37,65,60,69,78,80,6,22,34,54,70,71,32,35,40,45,46,50,53,58,76,13,48,63,36,47,59,74,79,1,9,17,18,29,61,2,3,19,24,38,7,31,39,66,64,77,5,56,67,4,44,42,51,75,23,12","55,62,11,28,73,25,33,10,15,68,8,21,26,27,30,43,49,16,20,41,72,14,37,52,57,34,54,60,65,69,78,80,53,58,71,76,6,22,40,45,46,48,50,70,13,32,35,36,59,63,29,47,74,79,1,2,3,9,17,19,61,18,24,38,7,31,39,66,64,77,5,56,4,44,67,42,51,23,75,12","1,3,5,7,8,10,13,14,17,20,21,24,26,28,30,31,34,37,39,42,44,48,49,52,55,58,59,61,62,63,64,66,71,74,76,78"
38,034,"4,6,19,25,26,29,30,31,32,43,44,48,50,62,65,66,68,71,72,80","5,1,1,-4,13,-6,7,1,2,1,5,4,4,4,3,1,6,7,-19,1,1,2,4,2,-25,-26,2,2,-29,-30,-31,-32,1,1,3,1,4,7,2,9,16,3,-43,-44,3,4,3,-48,7,-50,6,3,1,1,1,3,3,1,1,8,4,-62,3,7,-65,-66,5,-68,4,2,-71,-72,4,6,5,1,5,3,7,-80","55,62,11,28,73,25,33,10,15,68,8,21,26,27,30,43,49,16,20,41,72,14,37,52,57,34,54,60,65,69,78,80,53,58,71,76,6,22,40,45,46,48,50,70,13,32,35,36,59,63,29,47,74,79,1,2,3,9,17,19,61,18,24,38,7,31,39,66,64,77,5,56,4,44,67,42,51,23,75,12","55,62,11,28,73,25,68,10,15,26,33,43,8,21,30,27,49,72,16,20,41,14,37,52,57,80,34,54,60,65,69,71,78,6,53,58,22,32,45,48,50,70,76,29,36,40,46,59,13,19,35,47,63,79,1,3,9,17,61,74,2,24,31,38,18,66,7,39,64,77,4,44,5,56,67,42,51,23,75,12","1,2,7,8,9,10,13,15,17,20,21,23,24,27,28,29,31,35,36,37,38,40,44,47,52,53,55,56,58,61,62,64,66,72,75,76,79"
39,035,"5,7,18,19,23,24,29,32,34,47,48,53,57,62,64,65,70,72,77,80","6,2,2,1,-5,1,-7,2,3,2,6,5,5,5,4,2,7,-18,-19,2,2,3,-23,-24,1,1,3,3,-29,1,1,-32,2,-34,4,2,5,8,3,10,17,4,1,1,4,5,-47,-48,8,1,7,4,-53,2,2,4,-57,2,2,9,5,-62,4,-64,-65,1,6,1,5,-70,1,-72,5,7,6,2,-77,4,8,-80","55,62,11,28,73,25,68,10,15,26,33,43,8,21,30,27,49,72,16,20,41,14,37,52,57,80,34,54,60,65,69,71,78,6,53,58,22,32,45,48,50,70,76,29,36,40,46,59,13,19,35,47,63,79,1,3,9,17,61,74,2,24,31,38,18,66,7,39,64,77,4,44,5,56,67,42,51,23,75,12","62,55,11,28,68,73,10,15,25,33,43,8,21,26,30,72,27,49,16,20,41,57,80,14,34,37,52,65,53,54,60,69,78,6,32,48,58,70,71,22,29,45,76,40,46,47,50,59,19,35,36,79,3,9,13,24,63,74,1,2,17,18,38,61,7,31,66,39,64,77,44,4,5,67,23,42,56,51,75,12","1,3,5,8,12,15,17,19,21,23,24,26,28,29,32,33,37,38,40,44,46,49,52,54,56,57,58,62,65,67,72,73,75,78,80"
40,036,"3,11,19,27,32,33,35,38,43,46,49,50,63,64,66,67,74,75,76,77","7,3,-3,2,1,2,1,3,4,3,-11,6,6,6,5,3,8,1,-19,3,3,4,1,1,2,2,-27,4,1,2,2,-32,-33,1,-35,3,6,-38,4,11,18,5,-43,2,5,-46,1,1,-49,-50,8,5,1,3,3,5,1,3,3,10,6,1,-63,-64,1,-66,-67,2,6,1,2,1,6,-74,-75,-76,-77,5,9,1","62,55,11,28,68,73,10,15,25,33,43,8,21,26,30,72,27,49,16,20,41,57,80,14,34,37,52,65,53,54,60,69,78,6,32,48,58,70,71,22,29,45,76,40,46,47,50,59,19,35,36,79,3,9,13,24,63,74,1,2,17,18,38,61,7,31,66,39,64,77,44,4,5,67,23,42,56,51,75,12","62,55,11,28,43,68,10,33,73,8,15,21,25,27,49,72,26,30,16,20,41,57,80,14,37,52,65,34,53,54,60,69,78,32,48,58,70,71,76,6,22,45,46,19,29,35,40,50,59,3,47,63,74,79,9,13,24,36,38,2,17,18,66,1,7,61,31,39,64,77,44,67,4,5,23,42,56,75,51,12","1,3,5,8,10,13,16,19,23,24,26,30,33,34,37,39,40,44,47,50,51,55,58,60,63,64,65,67,73,76,79,80"
41,037,"6,7,8,17,24,25,27,28,29,34,40,41,49,53,57,58,60,67,69,72","8,4,1,3,2,-6,-7,-8,5,4,1,7,7,7,6,4,-17,2,1,4,4,5,2,-24,-25,3,-27,-28,-29,3,3,1,1,-34,1,4,7,1,5,-40,-41,6,1,3,6,1,2,2,-49,1,9,6,-53,4,4,6,-57,-58,4,-60,7,2,1,1,2,1,-67,3,-69,2,3,-72,7,1,1,1,1,6,10,2","62,55,11,28,43,68,10,33,73,8,15,21,25,27,49,72,26,30,16,20,41,57,80,14,37,52,65,34,53,54,60,69,78,32,48,58,70,71,76,6,22,45,46,19,29,35,40,50,59,3,47,63,74,79,9,13,24,36,38,2,17,18,66,1,7,61,31,39,64,77,44,67,4,5,23,42,56,75,51,12","62,55,11,28,43,68,25,27,33,49,72,73,8,10,21,15,26,41,57,16,20,30,80,14,34,37,52,53,60,65,69,54,78,32,58,71,76,6,45,48,70,19,22,29,35,40,46,50,59,3,24,47,63,79,9,13,17,74,7,18,36,38,66,1,2,61,31,39,64,67,44,77,4,5,23,42,56,75,51,12","1,4,6,8,9,13,16,17,18,23,24,25,27,28,29,32,36,38,39,43,45,49,52,54,57,58,59,62,64,65,66,72,75,77,79"
42,038,"3,4,5,6,7,9,11,20,21,26,36,44,46,47,54,68,73,74,75,80","9,5,-3,-4,-5,-6,-7,1,-9,5,-11,8,8,8,7,5,1,3,2,-20,-21,6,3,1,1,-26,1,1,1,4,4,2,2,1,2,-36,8,2,6,1,1,7,2,-44,7,-46,-47,3,1,2,10,7,1,-54,5,7,1,1,5,1,8,3,2,2,3,2,1,-68,1,3,4,1,-73,-74,-75,2,2,7,11,-80","62,55,11,28,43,68,25,27,33,49,72,73,8,10,21,15,26,41,57,16,20,30,80,14,34,37,52,53,60,65,69,54,78,32,58,71,76,6,45,48,70,19,22,29,35,40,46,50,59,3,24,47,63,79,9,13,17,74,7,18,36,38,66,1,2,61,31,39,64,67,44,77,4,5,23,42,56,75,51,12","62,55,11,68,28,21,25,27,33,43,49,73,8,72,10,15,20,26,41,80,16,30,57,14,37,53,54,60,65,34,52,69,78,6,32,45,46,48,58,70,71,76,3,19,29,35,40,47,59,9,22,24,50,63,74,7,13,17,36,79,18,1,2,38,61,66,31,39,64,67,4,5,44,77,75,23,42,56,51,12","1,3,5,6,8,11,13,17,21,24,26,28,30,31,35,36,40,45,47,51,53,56,57,59,61,64,66,67,72,73,75,78,80"
43,039,"3,5,13,17,22,27,36,38,40,43,49,50,51,61,62,64,68,73,78,80","10,6,-3,1,-5,1,1,2,1,6,1,9,-13,9,8,6,-17,4,3,1,1,-22,4,2,2,1,-27,2,2,5,5,3,3,2,3,-36,9,-38,7,-40,2,8,-43,1,8,1,1,4,-49,-50,-51,8,2,1,6,8,2,2,6,2,-61,-62,3,-64,4,3,2,-68,2,4,5,2,-73,1,1,3,3,-78,12,-80","62,55,11,68,28,21,25,27,33,43,49,73,8,72,10,15,20,26,41,80,16,30,57,14,37,53,54,60,65,34,52,69,78,6,32,45,46,48,58,70,71,76,3,19,29,35,40,47,59,9,22,24,50,63,74,7,13,17,36,79,18,1,2,38,61,66,31,39,64,67,4,5,44,77,75,23,42,56,51,12","62,55,11,68,27,28,43,49,73,25,33,8,21,72,80,10,15,26,16,20,30,41,57,14,37,54,60,78,52,53,65,69,34,6,32,40,45,48,58,71,76,3,19,22,29,46,59,70,9,13,17,24,35,36,47,50,63,74,7,18,38,61,79,2,1,31,64,66,5,39,67,44,77,4,75,23,42,51,56,12","2,3,5,7,8,11,14,17,18,20,23,24,27,29,30,31,35,37,38,39,40,42,47,49,52,53,56,57,59,61,64,65,67,69,72,73,75,79,80"
44,040,"12,13,16,24,31,32,35,37,41,43,48,50,51,55,64,66,68,73,76,79","11,7,1,2,1,2,2,3,2,7,2,-12,-13,10,9,-16,1,5,4,2,2,1,5,-24,3,2,1,3,3,6,-31,-32,4,3,-35,1,-37,1,8,1,-41,9,-43,2,9,2,2,-48,1,-50,-51,9,3,2,-55,9,3,3,7,3,1,1,4,-64,5,-66,3,-68,3,5,6,3,-73,2,2,-76,4,1,-79,1","62,55,11,68,27,28,43,49,73,25,33,8,21,72,80,10,15,26,16,20,30,41,57,14,37,54,60,78,52,53,65,69,34,6,32,40,45,48,58,71,76,3,19,22,29,46,59,70,9,13,17,24,35,36,47,50,63,74,7,18,38,61,79,2,1,31,64,66,5,39,67,44,77,4,75,23,42,51,56,12","62,55,68,11,43,73,28,49,25,27,33,21,72,8,10,15,16,26,80,20,30,37,41,54,57,14,60,65,69,78,32,34,48,52,53,76,6,40,58,3,13,19,24,29,35,45,50,70,71,9,17,22,36,46,47,59,63,74,7,18,38,61,79,2,31,64,66,1,39,67,5,77,44,51,75,4,23,42,12,56","1,3,7,10,13,16,18,19,22,24,26,27,31,32,37,39,40,42,43,46,49,50,53,54,57,60,63,65,67,68,70,71,73,75,76,78,80"
45,041,"8,12,17,18,23,24,25,26,27,28,30,31,38,41,46,56,66,68,69,79","12,8,2,3,2,3,3,-8,3,8,3,-12,1,11,10,1,-17,-18,5,3,3,2,-23,-24,-25,-26,-27,-28,4,-30,-31,1,5,4,1,2,1,-38,9,2,-41,10,1,3,10,-46,3,1,2,1,1,10,4,3,1,-56,4,4,8,4,2,2,5,1,6,-66,4,-68,-69,6,7,4,1,3,3,1,5,2,-79,2","62,55,68,11,43,73,28,49,25,27,33,21,72,8,10,15,16,26,80,20,30,37,41,54,57,14,60,65,69,78,32,34,48,52,53,76,6,40,58,3,13,19,24,29,35,45,50,70,71,9,17,22,36,46,47,59,63,74,7,18,38,61,79,2,31,64,66,1,39,67,5,77,44,51,75,4,23,42,12,56","62,55,68,11,28,43,73,27,49,25,33,8,26,10,15,16,21,30,41,72,80,20,37,54,57,69,14,78,32,34,48,53,60,65,76,6,24,52,3,13,17,19,35,40,46,50,58,22,29,36,45,47,59,63,70,71,74,7,9,38,79,18,31,61,2,64,66,1,39,67,5,44,75,77,4,23,42,51,12,56","1,3,7,8,10,12,16,19,20,23,25,26,30,31,32,34,35,36,39,42,43,47,51,52,56,59,62,64,65,67,71,73,75,76,78,80"
46,042,"2,8,14,15,16,17,25,34,37,41,47,52,56,60,62,63,72,74,77,79","13,-2,3,4,3,4,4,-8,4,9,4,1,2,-14,-15,-16,-17,1,6,4,4,3,1,1,-25,1,1,1,5,1,1,2,6,-34,2,3,-37,1,10,3,-41,11,2,4,11,1,-47,2,3,2,2,-52,5,4,2,-56,5,5,9,-60,3,-62,-63,2,7,1,5,1,1,7,8,-72,2,-74,4,2,-77,3,-79,3","62,55,68,11,28,43,73,27,49,25,33,8,26,10,15,16,21,30,41,72,80,20,37,54,57,69,14,78,32,34,48,53,60,65,76,6,24,52,3,13,17,19,35,40,46,50,58,22,29,36,45,47,59,63,70,71,74,7,9,38,79,18,31,61,2,64,66,1,39,67,5,44,75,77,4,23,42,51,12,56","62,55,11,68,43,25,27,28,49,73,8,26,33,41,15,16,30,37,72,80,10,21,14,20,57,69,54,60,78,32,34,48,52,53,65,76,17,24,6,13,19,35,40,46,47,50,58,63,3,22,29,36,45,71,74,79,7,9,38,59,70,2,31,61,18,64,66,1,39,67,77,5,44,75,4,23,42,51,56,12","1,4,7,8,11,15,17,19,20,24,26,30,32,35,37,38,40,43,45,46,50,53,58,62,63,66,67,68,73,76,77,79,80"
47,043,"1,6,12,15,16,19,22,23,25,28,32,34,35,36,41,48,56,64,65,77","-1,1,4,5,4,-6,5,1,5,10,5,-12,3,1,-15,-16,1,2,-19,5,5,-22,-23,2,-25,2,2,-28,6,2,2,-32,7,-34,-35,-36,1,2,11,4,-41,12,3,5,12,2,1,-48,4,3,3,1,6,5,3,-56,6,6,10,1,4,1,1,-64,-65,2,6,2,2,8,9,1,3,1,5,3,-77,4,1,4","62,55,11,68,43,25,27,28,49,73,8,26,33,41,15,16,30,37,72,80,10,21,14,20,57,69,54,60,78,32,34,48,52,53,65,76,17,24,6,13,19,35,40,46,47,50,58,63,3,22,29,36,45,71,74,79,7,9,38,59,70,2,31,61,18,64,66,1,39,67,77,5,44,75,4,23,42,51,56,12","62,55,68,11,25,28,43,49,73,8,27,15,16,26,33,41,30,72,21,37,80,10,14,20,57,69,32,34,48,54,60,65,52,53,76,78,6,17,24,35,19,22,47,50,58,63,13,29,36,40,45,46,71,74,3,7,9,38,70,79,2,31,59,61,64,66,1,18,39,67,77,5,23,44,56,75,4,12,42,51","1,4,7,10,11,12,15,17,19,20,24,25,29,30,32,35,37,38,41,42,47,48,50,53,56,58,62,64,67,68,69,73,75,76,78,80"
48,044,"1,3,8,9,13,16,19,23,33,43,47,49,52,53,55,60,68,74,76,79","-1,2,-3,6,5,1,6,-8,-9,11,6,1,-13,2,1,-16,2,3,-19,6,6,1,-23,3,1,3,3,1,7,3,3,1,-33,1,1,1,2,3,12,5,1,13,-43,6,13,3,-47,1,-49,4,4,-52,-53,6,-55,1,7,7,11,-60,5,2,2,1,1,3,7,-68,3,9,10,2,4,-74,6,-76,1,5,-79,5","62,55,68,11,25,28,43,49,73,8,27,15,16,26,33,41,30,72,21,37,80,10,14,20,57,69,32,34,48,54,60,65,52,53,76,78,6,17,24,35,19,22,47,50,58,63,13,29,36,40,45,46,71,74,3,7,9,38,70,79,2,31,59,61,64,66,1,18,39,67,77,5,23,44,56,75,4,12,42,51","62,55,68,43,11,25,49,8,28,73,16,27,15,33,41,26,72,21,30,37,80,10,14,20,57,60,69,34,54,32,48,52,53,65,76,6,17,24,47,78,13,19,22,35,50,58,63,3,9,29,36,40,45,46,71,74,79,7,38,70,2,31,61,1,59,64,66,18,39,67,77,23,44,75,4,5,56,42,51,12","1,4,7,8,10,11,13,15,17,19,23,25,28,29,30,34,35,36,38,40,41,45,47,50,53,55,58,62,63,66,68,69,73,75,76,78,80"
49,045,"2,3,5,9,11,12,13,18,19,25,35,38,45,57,61,65,68,70,72,76","1,-2,-3,7,-5,2,7,1,-9,12,-11,-12,-13,3,2,1,3,-18,-19,7,7,2,1,4,-25,4,4,2,8,4,4,2,1,2,-35,2,3,-38,13,6,2,14,1,7,-45,4,1,2,1,5,5,1,1,7,1,2,-57,8,12,1,-61,3,3,2,-65,4,8,-68,4,-70,11,-72,5,1,7,-76,2,6,1,6","62,55,68,43,11,25,49,8,28,73,16,27,15,33,41,26,72,21,30,37,80,10,14,20,57,60,69,34,54,32,48,52,53,65,76,6,17,24,47,78,13,19,22,35,50,58,63,3,9,29,36,40,45,46,71,74,79,7,38,70,2,31,61,1,59,64,66,18,39,67,77,23,44,75,4,5,56,42,51,12","62,55,68,11,25,43,49,8,28,73,16,15,27,41,33,72,21,26,30,37,57,80,10,14,20,60,69,34,65,76,32,48,53,54,6,13,17,19,35,47,52,78,3,22,24,45,58,63,9,36,38,40,46,50,74,7,29,61,70,71,79,2,31,18,59,64,66,1,39,67,77,5,23,44,75,56,4,42,51,12","1,3,7,9,10,11,13,16,21,22,23,27,28,30,33,34,36,39,40,43,45,47,51,55,56,61,62,66,68,69,73,75,78,80"
50,046,"1,10,13,14,15,23,25,26,28,48,49,50,52,54,59,61,64,69,70,79","-1,1,1,8,1,3,8,2,1,-10,1,1,-13,-14,-15,2,4,1,1,8,8,3,-23,5,-25,-26,5,-28,9,5,5,3,2,3,1,3,4,1,14,7,3,15,2,8,1,5,2,-48,-49,-50,6,-52,2,-54,2,3,1,9,-59,2,-61,4,4,-64,1,5,9,1,-69,-70,12,1,6,2,8,1,3,7,-79,7","62,55,68,11,25,43,49,8,28,73,16,15,27,41,33,72,21,26,30,37,57,80,10,14,20,60,69,34,65,76,32,48,53,54,6,13,17,19,35,47,52,78,3,22,24,45,58,63,9,36,38,40,46,50,74,7,29,61,70,71,79,2,31,18,59,64,66,1,39,67,77,5,23,44,75,56,4,42,51,12","62,55,25,68,11,49,28,43,73,8,15,16,27,41,33,72,10,14,26,30,37,69,20,21,57,60,80,34,48,54,76,13,32,52,53,65,6,17,19,47,22,24,35,50,58,63,78,3,9,36,38,40,45,46,61,70,74,7,71,79,2,29,59,64,1,31,66,18,39,23,67,77,5,44,75,56,4,51,42,12","3,6,8,10,12,15,19,20,22,25,27,32,33,34,36,37,40,43,46,48,50,52,54,55,60,61,64,67,68,72,74,75,77,80"
