id,nid,num,tj_dw,tj_dwnums,tj_dwnums_js,tj_dwnums_os,tjn_dw,tjn_dwnums,tjn_dwnums_js,tjn_dwnums_os
1,219,"[2, 3, 5]",4,8,5,3,1,2,1,1
2,220,"[5, 6, 10]",2,6,3,3,3,7,4,3
3,221,"[1, 2, 3]",4,8,4,4,2,7,5,2
4,222,"[2, 5, 7]",4,12,6,6,2,5,3,2
5,223,"[3, 19, 22]",2,9,4,5,3,3,1,2
6,224,"[3, 6, 15]",3,7,4,3,2,8,5,3
7,225,"[3, 4, 7]",4,8,3,5,2,6,3,3
8,226,"[8, 9, 10]",4,10,5,5,2,6,2,4
9,227,"[4, 9, 10]",4,6,3,3,3,11,8,3
10,228,"[8, 13, 15]",1,2,1,1,3,5,2,3
11,229,"[14, 26, 33]",3,8,4,4,2,4,2,2
12,230,"[3, 7, 8]",5,10,5,5,1,4,3,1
13,231,"[12, 17, 26]",3,5,4,1,2,7,6,1
14,232,"[1, 5, 9]",3,9,4,5,1,3,2,1
15,233,"[3, 5, 7]",3,5,2,3,1,2,1,1
16,234,"[3, 8, 15]",5,11,2,9,1,3,2,1
17,235,"[2, 11, 14]",3,9,5,4,2,7,3,4
18,236,"[15, 19, 24]",4,12,8,4,2,3,1,2
19,237,"[2, 6, 9]",4,7,3,4,2,6,3,3
20,238,"[1, 4, 6]",4,12,8,4,2,6,4,2
21,239,"[14, 17, 20]",4,10,4,6,2,7,4,3
22,240,"[2, 6, 9]",4,7,5,2,2,10,4,6
23,241,"[7, 9, 15]",2,7,3,4,3,5,4,1
24,242,"[4, 20, 28]",2,5,4,1,3,8,3,5
25,243,"[1, 2, 3]",6,14,10,4,1,4,2,2
26,244,"[1, 4, 7]",3,7,4,3,3,5,3,2
27,245,"[5, 6, 9]",5,9,4,5,1,2,2,0
28,246,"[3, 8, 10]",5,11,7,4,1,2,1,1
29,247,"[5, 7, 19]",3,10,8,2,1,2,0,2
30,248,"[3, 5, 9]",3,9,6,3,2,4,2,2
31,249,"[4, 8, 10]",3,11,4,7,1,2,2,0
32,250,"[4, 5, 6]",5,11,5,6,2,6,2,4
33,251,"[1, 4, 8]",3,9,4,5,2,9,3,6
34,252,"[2, 3, 4]",1,1,1,0,4,12,6,6
35,253,"[1, 2, 8]",5,12,4,8,1,2,2,0
36,254,"[2, 4, 10]",5,12,6,6,0,0,0,0
37,255,"[2, 9, 12]",5,14,5,9,1,0,0,0
38,256,"[1, 2, 6]",3,8,5,3,3,8,5,3
39,257,"[1, 4, 7]",3,10,4,6,1,1,1,0
40,258,"[7, 13, 14]",3,10,3,7,2,4,1,3
41,259,"[5, 6, 13]",5,15,9,6,1,1,0,1
42,260,"[2, 7, 16]",5,12,8,4,2,2,2,0
43,261,"[1, 11, 17]",2,4,3,1,3,7,2,5
44,262,"[4, 6, 9]",6,12,7,5,0,0,0,0
45,263,"[7, 8, 9]",5,12,4,8,1,2,1,1
46,264,"[5, 15, 16]",3,5,3,2,1,0,0,0
47,265,"[2, 7, 9]",4,8,3,5,2,7,2,5
48,266,"[2, 4, 8]",4,12,7,5,2,4,2,2
49,267,"[3, 16, 20]",4,7,3,4,1,5,2,3
50,268,"[1, 2, 6]",5,12,8,4,2,6,3,3
